,Yourself,workstat,age,divorce,widowed,educ,Total no of Children,income,region convert,attend convert,owngun convert,tvhours converted,vhappy,mothfath16,black,female,blackfemale,occattend,regattend,unem10,happy
1,1,1,46,2,0,12,5,3,2,2,2,2,0,1,1,1,1,1,0,1,1
2,1,8,22,0,0,12,0,7,2,5,2,3,1,0,1,0,0,0,0,0,1
3,1,8,29,0,0,12,0,4,2,6,0,1,0,0,1,1,1,0,1,2,1
4,1,8,42,1,0,8,0,4,2,1,2,3,0,0,0,0,0,0,0,1,0
5,1,9,36,2,0,13,2,3,2,1,0,1,0,0,1,1,1,0,0,0,0
6,1,9,43,2,0,15,0,6,2,2,0,0,0,0,1,1,1,1,0,2,1
7,1,8,20,0,0,9,2,5,2,6,0,10,0,1,0,1,0,0,1,2,0
8,1,8,44,2,0,12,0,3,2,6,2,4,1,1,1,0,0,0,1,0,1
9,1,8,42,0,0,12,3,6,2,2,0,2,0,0,1,1,1,1,0,2,1
10,1,8,46,2,0,12,1,4,2,6,0,1,0,1,1,1,1,0,1,1,1
11,1,8,30,2,0,0,0,7,2,2,2,2,0,0,0,1,0,1,0,1,1
12,1,8,75,2,0,19,0,6,2,1,2,2,0,1,0,1,0,0,0,0,1
13,1,8,51,0,0,16,0,6,2,2,2,2,1,1,0,0,0,1,0,0,1
14,1,8,50,0,0,16,0,6,2,5,0,1,1,1,0,0,0,0,0,0,1
15,1,8,73,2,0,18,0,6,2,3,0,1,0,1,0,0,0,1,0,2,1
16,1,8,41,2,0,16,0,6,2,1,0,1,0,1,0,1,0,0,0,2,1
17,1,8,64,0,0,18,2,6,2,2,2,0,0,1,0,1,0,1,0,0,1
18,1,1,59,0,0,16,2,6,2,1,0,3,1,0,0,1,0,0,0,2,1
19,1,4,35,2,0,12,0,7,2,2,1,3,0,1,0,0,0,1,0,2,0
20,1,9,46,0,0,16,0,6,2,0,0,2,0,1,0,0,0,0,0,2,1
21,1,9,47,2,0,16,0,3,2,6,0,3,0,0,0,0,0,0,1,2,1
22,1,9,74,2,0,20,0,6,2,0,0,1,0,1,0,0,0,0,0,0,0
23,1,8,44,2,0,12,0,6,2,0,0,4,0,1,0,0,0,0,0,2,1
24,1,4,52,2,0,16,0,7,2,0,0,1,0,1,0,0,0,0,0,1,1
25,1,8,74,2,0,16,0,6,2,0,2,1,0,1,0,0,0,0,0,0,1
26,1,8,44,1,0,8,0,7,2,0,0,4,0,0,0,0,0,0,0,2,1
27,1,3,0,2,0,12,0,2,2,5,2,4,0,0,0,1,0,0,0,0,1
28,1,1,0,2,0,8,0,1,2,1,2,8,0,1,1,1,1,0,0,1,0
29,1,1,0,0,0,12,1,6,2,5,0,2,0,1,0,1,0,0,0,2,1
30,1,8,64,2,0,17,1,7,2,4,0,2,0,0,1,1,1,1,0,2,1
31,1,1,41,1,0,13,0,3,2,1,2,2,0,0,1,1,1,0,0,0,1
32,1,8,42,2,0,12,0,6,2,1,2,2,0,0,0,0,0,0,0,1,1
33,1,1,24,2,0,12,3,2,2,4,0,4,0,1,1,1,1,1,0,2,1
34,1,1,28,2,0,16,0,1,2,5,2,7,0,1,1,1,1,0,0,1,0
35,1,1,60,0,0,16,2,6,2,1,0,2,0,0,0,1,0,0,0,2,0
36,1,8,44,0,0,16,0,6,2,2,0,1,0,1,0,1,0,1,0,0,0
37,1,8,65,2,0,16,0,6,2,1,0,1,0,1,0,0,0,0,0,2,1
38,1,3,32,2,0,13,0,2,2,0,0,1,0,1,0,0,0,0,0,0,0
39,1,9,58,1,0,19,0,7,2,0,0,1,0,1,0,1,0,0,0,1,1
40,1,8,51,2,0,18,0,6,2,2,2,1,0,0,0,0,0,1,0,0,1
41,1,1,59,0,0,16,1,6,2,3,2,4,1,0,0,1,0,1,0,0,1
42,1,8,64,2,0,18,0,6,2,5,2,3,0,1,0,1,0,0,0,0,1
43,1,7,47,2,0,17,1,6,2,0,0,2,0,0,0,1,0,0,0,2,1
44,1,4,60,0,0,12,0,6,2,0,0,1,0,0,0,1,0,0,0,0,1
45,1,6,28,2,0,13,0,7,2,0,0,1,0,0,0,1,0,0,0,0,0
46,1,8,25,2,0,14,0,4,2,2,0,2,1,1,0,1,0,1,0,2,1
47,1,1,29,2,0,12,2,7,2,2,0,3,0,1,1,1,1,1,0,2,0
48,1,5,29,2,0,18,0,1,2,1,0,2,0,0,1,0,0,0,0,2,0
49,1,1,29,2,0,11,3,4,2,2,2,2,0,0,1,1,1,1,0,0,1
50,1,1,52,2,0,12,0,1,2,1,0,1,0,0,1,1,1,0,0,1,0
51,1,1,46,0,0,12,1,3,2,2,0,1,0,1,1,1,1,1,0,0,1
52,1,8,42,2,0,15,0,6,2,5,2,2,0,1,1,0,0,0,0,0,1
53,1,4,50,0,0,12,0,7,2,4,0,3,0,1,1,0,0,1,0,2,0
54,1,1,33,0,0,14,2,6,2,5,0,2,0,1,0,1,0,0,0,2,1
55,1,8,51,2,0,13,0,6,2,4,2,6,0,1,0,1,0,1,0,0,1
56,1,8,31,0,0,16,2,6,2,1,0,1,1,1,0,0,0,0,0,0,1
57,1,8,30,1,0,13,1,6,2,5,2,2,1,1,0,0,0,0,0,1,1
58,1,8,45,1,0,13,0,6,2,1,0,4,0,1,0,0,0,0,0,2,1
59,1,8,64,1,0,19,3,6,2,1,2,1,1,0,0,1,0,0,0,0,1
60,1,8,22,0,0,9,1,6,2,0,0,5,0,1,0,0,0,0,0,2,1
61,1,8,17,2,0,12,0,7,2,5,0,1,0,0,0,0,0,0,1,2,1
62,1,1,0,2,0,16,4,7,2,0,0,1,0,1,1,1,1,0,0,2,1
63,1,8,41,1,0,12,0,7,2,1,0,3,0,0,1,1,1,0,0,2,1
64,1,4,40,0,0,11,0,6,2,6,0,1,0,1,1,0,0,0,1,0,1
65,1,5,0,2,0,15,0,7,2,1,0,1,1,0,1,0,0,0,0,0,1
66,1,8,40,1,0,12,0,6,2,1,0,2,0,1,1,0,0,0,0,2,1
67,1,8,42,2,0,12,0,7,2,5,2,2,1,1,1,1,1,0,0,0,1
68,1,8,74,2,0,16,0,7,2,4,0,2,1,0,1,1,1,1,0,2,1
69,1,9,40,2,0,16,0,7,2,1,2,3,0,1,1,1,1,0,0,1,0
70,1,3,37,1,0,10,3,4,2,3,2,5,0,1,0,0,0,1,0,0,1
71,1,1,0,2,0,10,2,2,2,0,0,1,0,0,0,1,0,0,0,0,1
72,1,1,31,0,0,12,2,3,2,3,0,1,0,1,0,1,0,1,0,2,1
73,1,8,21,0,0,8,2,3,2,2,0,1,1,1,0,0,0,1,0,0,1
74,1,1,0,2,0,12,1,2,2,5,2,6,0,1,1,1,1,0,1,1,1
75,1,9,36,0,0,12,2,3,2,0,2,4,0,1,1,1,1,0,0,0,1
76,1,9,17,2,0,12,4,2,2,4,0,1,0,0,1,1,1,1,0,0,1
77,1,4,49,0,0,8,0,7,2,1,0,1,0,1,0,0,0,0,0,0,0
78,1,8,61,1,0,16,1,6,4,5,1,1,1,0,0,0,0,0,0,2,1
79,1,8,75,0,0,19,2,6,4,2,0,2,0,0,0,0,0,1,0,2,1
80,1,4,50,0,0,16,0,6,4,5,0,1,1,0,0,0,0,0,0,2,1
81,1,8,86,0,0,20,0,6,4,1,1,0,0,0,0,1,0,0,0,2,1
82,1,9,23,2,0,16,0,3,4,5,0,1,0,1,0,1,0,0,0,2,1
83,1,4,47,2,0,16,0,4,4,5,0,2,1,0,0,0,0,0,0,2,1
84,1,8,65,2,0,16,0,7,2,0,0,1,1,1,0,0,0,0,0,1,1
85,1,8,32,0,0,16,2,6,2,2,2,2,0,1,0,0,0,1,0,0,1
86,1,6,66,2,0,12,0,7,2,5,0,1,0,1,1,1,1,0,0,1,1
87,1,1,48,0,0,13,3,7,2,2,0,1,1,0,0,1,0,1,0,0,1
88,1,4,53,0,0,12,0,6,2,5,2,1,1,1,0,0,0,0,0,0,1
89,1,9,23,1,0,7,1,6,2,3,2,2,1,1,0,1,0,1,0,0,1
90,1,1,23,0,0,8,0,7,2,5,0,1,0,0,0,1,0,0,0,0,1
91,1,1,46,0,0,12,2,6,2,1,0,1,1,1,0,1,0,0,0,1,1
92,1,4,42,0,0,8,0,3,2,1,0,1,0,0,0,1,0,0,0,0,0
93,1,8,51,2,0,14,0,7,2,1,0,1,1,1,0,0,0,0,0,0,1
94,1,8,64,1,0,20,0,6,2,3,0,1,0,1,0,1,0,1,0,2,1
95,1,8,64,1,0,20,0,6,2,1,2,1,0,1,0,1,0,0,0,0,1
96,1,8,73,0,0,20,2,6,2,5,2,3,0,1,0,0,0,0,0,0,1
97,1,1,34,0,0,12,0,6,2,2,2,3,0,1,0,1,0,1,0,0,1
98,1,8,51,2,0,12,1,6,2,5,2,4,0,1,0,1,0,0,1,0,1
99,1,1,47,0,0,12,3,4,2,2,2,4,0,0,0,1,0,1,0,1,1
100,1,1,47,2,0,12,1,4,2,5,0,1,0,1,1,1,1,0,1,1,1
101,1,8,52,2,0,16,0,6,2,4,0,1,0,0,1,1,1,1,0,0,1
102,1,8,52,2,0,14,0,4,2,5,0,1,0,0,1,1,1,0,0,0,1
103,1,1,42,0,0,12,5,6,2,4,2,1,1,1,1,1,1,1,0,0,1
104,1,8,65,1,0,12,1,6,2,6,0,3,1,1,1,1,1,0,1,2,1
105,1,8,44,2,0,15,1,6,2,2,0,1,0,1,1,1,1,1,0,1,0
106,1,1,0,0,0,11,0,7,2,5,2,2,0,1,0,1,0,0,0,0,0
107,1,8,46,0,0,13,2,7,2,5,0,1,0,1,1,1,1,0,0,0,1
108,1,6,24,2,0,12,4,6,2,4,2,5,0,0,1,1,1,1,0,0,1
109,1,6,32,0,0,12,0,5,2,1,0,6,0,0,1,1,1,0,0,2,1
110,1,5,66,0,0,16,0,6,2,1,2,6,0,1,0,1,0,0,0,0,1
111,1,5,47,2,0,14,0,1,2,0,2,0,1,1,0,0,0,0,0,0,1
112,1,4,74,0,0,20,0,7,2,0,0,1,0,1,0,0,0,0,0,2,1
113,1,8,49,2,0,10,0,6,2,0,0,1,1,1,0,0,0,0,0,1,1
114,1,8,51,0,0,16,0,6,2,0,2,3,0,1,1,0,0,0,0,1,1
115,1,8,86,2,0,20,0,5,2,1,0,0,0,0,0,0,0,0,0,2,1
116,1,8,22,1,0,8,0,4,2,1,0,1,1,0,0,0,0,0,0,0,1
117,1,8,27,0,0,8,0,5,2,1,1,8,1,0,0,0,0,0,0,2,1
118,1,8,51,2,0,18,0,6,2,5,0,2,0,0,0,0,0,0,0,2,1
119,1,1,0,0,0,12,2,5,2,5,0,1,0,1,0,1,0,0,0,2,0
120,1,8,40,1,0,10,0,6,2,0,0,2,0,1,0,0,0,0,0,2,1
121,1,8,46,0,0,12,0,6,2,1,1,3,1,1,0,0,0,0,0,2,1
122,1,7,43,0,0,15,0,4,2,0,0,1,0,1,0,1,0,0,0,1,1
123,1,8,64,1,0,20,1,6,2,0,2,1,0,1,0,0,0,0,0,0,0
124,1,8,48,2,0,16,0,6,2,3,2,2,1,0,0,1,0,1,0,0,1
125,1,8,44,0,0,14,1,6,2,2,0,1,0,1,0,0,0,1,0,0,1
126,1,8,49,2,0,14,0,6,2,5,2,2,0,1,0,0,0,0,0,1,1
127,1,8,44,0,0,13,3,6,2,0,2,2,1,1,0,0,0,0,0,0,1
128,1,9,33,1,0,12,4,6,2,5,0,1,1,1,0,0,0,0,1,0,1
129,1,8,42,0,0,12,2,6,2,2,0,2,1,0,0,1,0,1,0,2,1
130,1,8,41,0,0,13,2,6,2,6,0,1,0,0,1,1,1,0,1,1,1
131,1,4,30,0,0,5,1,6,2,1,0,5,0,0,1,0,0,0,0,2,1
132,1,8,68,0,0,14,1,6,2,4,0,3,1,1,1,0,0,1,0,2,1
133,1,8,30,2,0,12,1,6,2,2,0,1,0,0,0,0,0,1,0,1,1
134,1,9,42,2,0,9,0,3,2,5,0,1,0,0,1,1,1,0,1,1,0
135,1,8,40,2,0,13,0,3,2,1,0,4,0,0,1,1,1,0,0,2,1
136,1,8,35,0,0,14,0,6,2,5,0,3,0,0,1,0,0,0,0,2,1
137,1,8,33,2,0,11,2,4,2,2,0,1,0,0,0,1,0,1,0,1,0
138,1,8,47,0,0,11,0,6,2,1,2,2,0,1,0,0,0,0,0,1,1
139,1,8,75,0,0,16,0,6,2,2,0,1,1,1,0,0,0,1,0,0,1
140,1,4,66,0,0,17,0,6,2,5,0,3,0,1,1,1,1,0,0,2,1
141,1,7,33,0,0,12,2,6,2,3,2,6,1,0,1,1,1,1,0,1,1
142,1,6,40,0,0,12,0,6,2,0,2,1,0,1,0,1,0,0,0,0,1
143,1,8,40,0,0,16,2,6,2,2,1,1,0,0,1,0,0,1,0,0,1
144,1,8,38,0,0,12,1,6,2,4,1,1,0,1,1,0,0,1,0,0,1
145,1,1,52,0,0,20,1,6,2,5,2,4,0,0,1,1,1,0,0,0,1
146,1,4,60,2,0,12,2,6,2,4,0,1,0,0,1,1,1,1,0,0,0
147,1,8,64,0,1,20,0,6,2,4,1,3,0,1,1,1,1,1,0,2,1
148,1,7,31,0,0,12,0,7,2,0,0,6,0,0,1,0,0,0,0,2,0
149,1,8,42,0,0,12,1,6,2,4,0,1,0,1,1,0,0,1,0,0,1
150,1,8,40,0,0,12,1,6,2,3,0,4,0,0,1,1,1,1,0,2,1
151,1,9,53,0,0,16,2,6,2,2,0,1,0,1,0,1,0,1,0,0,1
152,1,1,0,0,0,16,1,7,2,2,0,6,1,1,0,1,0,1,0,2,1
153,1,8,53,0,0,16,1,7,2,2,2,1,0,1,0,0,0,1,0,0,1
154,1,8,65,0,0,16,4,6,2,5,2,1,1,0,0,0,0,0,0,0,1
155,1,8,51,0,0,17,1,6,2,5,0,1,0,1,0,0,0,0,0,2,1
156,1,8,34,0,0,16,1,6,2,5,0,1,0,1,0,0,0,0,1,2,1
157,1,9,35,0,0,12,0,6,2,4,1,1,0,1,0,1,0,1,0,0,1
158,1,8,42,1,0,12,1,6,2,2,2,2,1,1,0,0,0,1,0,0,1
159,1,8,49,0,0,16,0,6,2,4,2,3,0,1,0,0,0,1,0,0,1
160,1,9,46,0,0,16,2,6,2,2,2,2,1,1,0,1,0,1,0,0,1
161,1,3,35,2,0,16,0,7,2,2,0,1,0,1,0,0,0,1,0,0,1
162,1,8,66,0,0,17,2,6,2,5,0,1,0,1,0,0,0,0,0,0,1
163,1,8,42,0,0,17,3,7,2,4,1,1,0,1,0,1,0,1,0,2,1
164,1,8,86,2,0,20,0,6,2,5,0,1,0,1,0,0,0,0,0,0,1
165,1,8,44,1,0,13,0,6,2,2,1,1,0,0,1,0,0,1,0,2,1
166,1,9,52,0,0,16,2,7,2,2,0,1,0,1,0,1,0,1,0,0,1
167,1,8,44,0,0,12,0,6,2,4,2,4,0,1,0,1,0,1,0,0,1
168,1,4,42,0,0,8,0,7,2,5,0,3,0,0,0,0,0,0,0,2,1
169,1,9,22,2,0,99,0,3,2,1,0,1,0,1,1,0,0,0,0,2,1
170,1,4,36,1,0,8,0,7,2,5,2,2,0,1,0,1,0,0,0,0,1
171,1,1,23,0,0,13,2,6,2,2,1,1,1,1,0,1,0,1,0,2,1
172,1,9,43,0,0,12,2,6,2,2,1,1,0,1,0,1,0,1,0,1,1
173,1,8,32,0,0,12,1,7,2,2,0,1,1,1,0,0,0,1,0,0,1
174,1,1,40,0,0,12,0,5,2,1,0,4,0,1,0,1,0,0,0,2,0
175,1,8,51,2,0,16,0,6,2,6,0,1,0,1,0,1,0,0,1,2,1
176,1,8,74,2,0,18,2,6,2,5,0,1,1,1,0,1,0,0,0,0,1
177,1,8,36,2,0,9,0,6,2,2,0,1,0,1,0,1,0,1,0,0,0
178,1,8,51,0,0,12,0,6,2,5,2,4,0,1,0,1,0,0,0,0,1
179,1,8,51,2,0,17,0,6,2,0,0,1,0,1,0,0,0,0,0,0,1
180,1,8,42,0,0,14,4,6,2,1,0,1,0,1,0,0,0,0,0,0,1
181,1,8,75,0,0,19,2,7,2,5,0,1,0,1,0,0,0,0,0,2,1
182,1,4,66,0,0,17,1,6,2,5,2,2,0,0,0,1,0,0,0,0,1
183,1,8,61,0,0,17,1,6,2,2,0,1,0,1,0,1,0,1,0,2,1
184,1,8,49,0,0,16,0,6,2,3,0,1,1,1,0,1,0,1,0,2,1
185,1,4,47,0,0,14,0,4,2,5,0,1,0,1,0,1,0,0,0,2,1
186,1,4,51,1,0,12,0,6,5,1,2,4,1,0,0,0,0,0,0,2,1
187,1,6,64,1,0,18,1,6,5,1,0,1,1,1,0,0,0,0,0,2,1
188,1,8,51,0,0,16,0,6,5,1,2,3,1,1,0,0,0,0,0,0,1
189,1,1,46,1,0,14,0,7,5,1,2,4,0,0,0,1,0,0,0,0,1
190,1,8,31,1,0,12,0,6,5,0,1,1,1,0,0,0,0,0,0,0,1
191,1,1,0,0,0,11,0,6,5,6,0,1,1,0,0,1,0,0,1,0,1
192,1,8,49,0,0,13,0,6,5,1,2,1,0,1,0,1,0,0,0,0,1
193,1,8,61,0,0,16,0,6,5,1,0,1,0,0,0,0,0,0,0,2,1
194,1,8,71,2,0,16,0,6,5,3,1,1,0,0,1,1,1,1,0,2,1
195,1,3,38,0,0,18,3,6,5,5,2,4,0,1,0,0,0,0,1,0,1
196,1,8,47,2,0,14,1,6,5,1,0,4,0,1,0,0,0,0,0,2,1
197,1,8,49,0,0,16,2,6,5,5,0,1,1,1,0,0,0,0,0,0,1
198,1,8,46,0,0,12,0,6,5,5,0,2,1,1,0,1,0,0,0,2,1
199,1,8,51,0,0,14,2,6,5,0,1,1,0,1,0,0,0,0,0,0,1
200,1,8,49,0,0,14,2,6,5,3,0,1,0,0,0,1,0,1,0,2,1
201,1,9,25,0,0,13,1,6,5,1,2,4,1,1,0,1,0,0,0,0,1
202,1,8,45,0,0,12,2,6,5,99,2,2,0,1,0,0,0,1,1,0,1
203,1,8,36,2,0,13,2,6,5,2,0,1,0,0,0,1,0,1,0,0,1
204,1,8,51,0,0,16,0,6,5,1,1,2,0,1,0,0,0,0,0,2,1
205,1,8,34,2,0,13,0,6,5,0,2,3,0,1,0,0,0,0,0,1,0
206,1,8,50,2,0,16,0,6,5,5,1,1,1,1,0,1,0,0,0,2,1
207,1,4,34,1,0,14,0,4,5,1,2,4,0,1,0,0,0,0,0,0,1
208,1,8,66,2,0,16,1,7,5,5,1,1,1,1,0,1,0,0,0,2,1
209,1,8,57,0,0,13,0,4,5,2,0,1,0,1,0,1,0,1,0,1,1
210,1,9,29,2,0,13,1,6,5,5,0,0,0,1,0,1,0,0,0,2,1
211,1,4,46,0,0,13,0,7,5,5,2,3,0,1,0,1,0,0,0,0,1
212,1,9,27,2,0,14,2,6,5,2,0,1,0,1,0,0,0,1,0,1,0
213,1,8,39,1,0,12,0,6,5,1,2,3,1,1,0,0,0,0,0,1,1
214,1,4,49,0,0,16,0,5,5,2,0,1,0,1,0,0,0,1,0,0,0
215,1,8,22,1,0,12,0,5,5,1,2,8,0,1,0,1,0,0,0,0,1
216,1,1,73,0,0,16,0,5,5,2,0,1,0,1,0,1,0,1,0,0,1
217,1,4,58,0,0,16,0,6,5,1,2,4,1,1,0,0,0,0,0,1,1
218,1,9,46,0,0,17,1,6,5,5,0,0,0,0,0,1,0,0,0,2,1
219,1,8,49,0,0,14,0,6,5,1,2,3,1,1,0,1,0,0,0,0,1
220,1,8,51,0,0,19,3,6,5,4,0,2,0,1,0,0,0,1,0,2,1
221,1,9,52,0,0,13,0,6,5,5,2,4,0,1,0,1,0,0,0,0,0
222,1,8,66,0,0,16,0,6,5,0,2,1,0,0,0,1,0,0,0,0,1
223,1,8,65,0,0,16,2,6,5,4,2,1,0,1,0,1,0,1,0,1,1
224,1,7,59,2,0,16,0,6,5,1,0,3,0,0,0,0,0,0,0,2,1
225,1,4,66,0,0,12,0,7,5,2,0,1,0,1,0,1,0,1,0,0,1
226,1,9,51,2,0,14,0,6,5,3,1,1,0,1,0,1,0,1,0,0,1
227,1,8,44,2,0,17,0,7,5,1,0,1,0,1,0,1,0,0,0,0,1
228,1,8,65,2,0,12,1,5,5,0,2,5,0,0,1,1,1,0,0,1,0
229,1,8,52,0,0,16,0,6,5,5,2,4,0,1,0,1,0,0,0,1,1
230,1,8,21,0,1,12,0,3,5,2,0,1,1,0,0,1,0,1,0,2,1
231,1,8,52,2,0,15,0,6,5,3,2,2,0,0,0,0,0,1,0,0,1
232,1,1,63,0,0,17,1,2,5,1,0,2,0,1,0,1,0,0,0,2,0
233,1,4,34,0,0,12,0,6,5,0,2,5,1,1,0,0,0,0,0,0,1
234,1,9,45,0,0,16,0,6,5,1,2,1,0,1,0,0,0,0,0,1,1
235,1,8,52,2,0,16,0,6,5,0,0,1,1,1,0,1,0,0,0,0,1
236,1,8,64,2,0,18,0,6,5,3,0,2,1,1,0,0,0,1,0,2,1
237,1,8,36,2,0,16,0,6,5,0,0,1,0,1,0,1,0,0,0,0,0
238,1,8,46,2,0,13,0,6,5,1,0,2,0,1,0,1,0,0,0,2,1
239,1,9,34,1,0,14,1,6,5,1,1,1,0,1,0,1,0,0,0,1,1
240,1,5,46,2,0,15,0,1,5,5,0,1,0,1,0,1,0,0,0,0,1
241,1,8,46,2,0,13,2,5,5,5,0,1,0,1,0,1,0,0,0,0,1
242,1,8,47,2,0,15,1,6,5,2,0,1,0,0,0,1,0,1,0,1,1
243,1,9,27,2,0,12,0,1,5,5,0,1,1,1,0,1,0,0,0,2,1
244,1,8,35,0,0,16,1,6,5,5,2,2,0,1,0,1,0,0,0,0,1
245,1,1,51,0,0,12,0,6,5,5,2,4,0,1,0,1,0,0,0,0,1
246,1,8,44,1,0,14,0,6,5,0,0,2,1,1,0,1,0,0,0,2,1
247,1,8,72,0,0,16,2,6,5,0,0,1,0,1,0,0,0,0,0,0,1
248,1,1,69,0,0,17,2,6,5,0,0,1,0,1,0,1,0,0,0,0,1
249,1,8,36,0,0,13,1,6,5,0,1,5,0,0,1,1,1,0,0,2,1
250,1,9,47,0,0,15,3,7,5,6,2,2,0,1,0,0,0,0,1,1,1
251,1,5,0,2,0,11,0,6,5,3,1,3,1,0,0,0,0,1,0,2,1
252,1,8,75,2,0,19,0,6,5,5,2,1,0,1,0,0,0,0,0,0,1
253,1,4,31,0,0,12,0,4,5,0,2,1,0,0,0,0,0,0,0,1,0
254,1,8,46,1,0,14,1,6,5,1,1,1,0,1,0,1,0,0,0,2,1
255,1,8,47,2,0,16,0,6,5,2,1,1,0,1,0,0,0,1,0,0,1
256,1,8,44,0,0,16,2,6,5,5,0,1,1,1,0,1,0,0,0,2,1
257,1,4,33,1,0,14,0,4,5,1,0,1,0,0,0,0,0,0,0,1,0
258,1,8,40,0,0,12,1,6,5,1,2,5,1,1,0,1,0,0,0,1,1
259,1,8,64,0,0,16,0,6,5,4,0,1,0,1,0,1,0,1,0,0,1
260,1,8,47,0,0,19,0,6,5,0,2,2,0,1,0,1,0,0,0,0,1
261,1,1,40,0,0,12,2,6,5,2,2,8,1,0,0,1,0,1,0,1,1
262,1,9,32,2,0,14,0,3,5,1,2,1,0,1,0,0,0,0,0,0,1
263,1,8,30,2,0,12,2,7,5,1,1,1,0,0,0,1,0,0,0,0,1
264,1,8,51,0,0,16,1,6,5,5,2,1,0,0,0,0,0,0,0,0,0
265,1,4,29,1,0,14,0,4,5,1,2,2,0,1,0,0,0,0,0,0,1
266,1,8,37,2,0,12,0,3,5,99,1,4,0,0,0,0,0,1,1,2,0
267,1,8,66,2,0,17,0,6,5,0,1,1,0,0,0,1,0,0,0,1,1
268,1,8,34,2,0,13,0,6,5,0,0,1,0,1,0,1,0,0,0,1,1
269,1,8,39,0,0,12,0,7,5,4,0,2,0,0,0,1,0,1,0,2,1
270,1,8,44,2,0,12,1,6,5,0,0,1,0,1,0,1,0,0,0,0,0
271,1,6,37,2,0,12,2,6,5,1,0,1,0,1,0,1,0,0,0,1,0
272,1,8,50,0,0,15,0,6,5,0,2,3,0,1,0,0,0,0,0,0,1
273,1,8,40,2,0,13,0,5,5,2,0,6,0,1,0,1,0,1,0,2,0
274,1,8,57,2,0,14,0,5,5,2,0,1,0,1,0,1,0,1,0,1,1
275,1,7,46,1,0,14,0,6,5,0,0,3,0,1,0,1,0,0,0,2,1
276,1,8,30,0,0,11,2,6,5,1,2,2,0,1,0,0,0,0,0,0,1
277,1,8,57,0,0,13,1,6,5,99,2,2,1,0,0,1,0,1,1,0,1
278,1,8,46,2,0,14,1,6,5,2,0,1,0,1,0,1,0,1,0,0,1
279,1,8,31,1,0,15,0,6,5,5,0,2,0,1,1,1,1,0,1,2,0
280,1,9,41,0,0,16,1,5,5,1,2,2,0,1,0,1,0,0,0,0,1
281,1,4,46,2,0,12,0,6,5,1,0,4,1,0,0,1,0,0,0,2,1
282,1,8,30,2,0,10,0,4,5,1,0,3,1,1,0,0,0,0,0,2,1
283,1,9,36,2,0,10,0,1,5,0,0,1,0,0,0,0,0,0,0,1,0
284,1,4,29,2,0,11,0,4,5,1,0,1,0,0,0,0,0,0,0,0,0
285,1,8,52,2,1,12,1,5,5,3,2,2,0,1,1,0,0,1,0,0,1
286,1,4,17,1,0,8,0,2,5,0,2,10,0,1,0,1,0,0,0,0,1
287,1,8,54,0,0,12,2,6,5,1,2,2,1,1,0,0,0,0,0,1,1
288,1,1,0,2,0,11,1,6,5,1,0,7,0,0,0,0,0,0,0,2,1
289,1,8,36,0,0,12,1,6,5,5,0,2,1,1,0,0,0,0,0,2,1
290,1,4,49,0,0,14,0,6,5,4,1,4,0,0,0,0,0,1,0,2,1
291,1,8,34,2,0,14,2,4,5,4,0,1,0,1,1,1,1,1,0,1,1
292,1,9,42,0,0,12,1,2,5,6,2,0,1,1,0,1,0,0,1,1,1
293,1,5,44,2,0,16,4,3,5,1,0,1,1,0,0,1,0,0,0,0,1
294,1,8,34,2,0,13,1,5,5,5,0,1,1,0,0,1,0,0,0,1,1
295,1,4,30,0,0,11,0,6,5,0,1,1,1,1,0,0,0,0,0,0,1
296,1,7,35,0,0,11,4,3,5,1,2,5,1,0,0,0,0,0,0,1,1
297,1,4,50,0,0,12,0,6,5,2,0,1,0,1,0,0,0,1,0,0,1
298,1,4,53,0,0,12,0,6,5,1,0,1,0,0,0,0,0,0,0,0,1
299,1,8,47,2,0,14,0,3,5,4,2,2,0,0,0,0,0,1,0,1,1
300,1,9,29,2,0,10,0,5,5,1,2,5,0,1,0,1,0,0,0,0,1
301,1,1,0,0,0,12,0,6,5,2,0,1,0,1,0,1,0,1,0,0,1
302,1,1,36,0,0,9,0,6,5,0,0,1,0,1,0,1,0,0,0,0,1
303,1,8,22,2,0,12,0,3,5,1,2,4,0,1,0,1,0,0,0,1,1
304,1,8,25,1,0,12,0,6,5,2,2,3,1,0,0,1,0,1,0,0,1
305,1,8,53,0,0,14,2,6,5,99,2,4,1,1,0,0,0,1,1,1,1
306,1,4,43,0,0,12,0,5,5,1,1,2,0,1,0,0,0,0,0,2,1
307,1,9,86,0,0,20,0,6,5,0,0,2,0,1,1,0,0,0,0,2,1
308,1,8,37,2,0,12,0,7,5,1,1,1,0,1,0,0,0,0,0,1,1
309,1,8,44,0,0,14,1,6,5,1,0,1,0,1,0,1,0,0,0,0,1
310,1,8,35,0,0,14,1,6,5,3,2,0,0,0,0,1,0,1,0,0,1
311,1,8,65,2,0,18,0,6,5,5,0,1,1,1,0,0,0,0,0,1,1
312,1,1,46,0,0,16,0,6,5,3,2,3,0,1,0,1,0,1,0,1,1
313,1,8,36,0,0,16,4,6,5,3,1,3,0,1,0,1,0,1,0,2,1
314,1,1,20,0,0,12,2,6,5,5,2,5,0,0,0,1,0,0,0,1,1
315,1,4,68,0,0,15,0,6,0,5,0,3,0,1,0,1,0,0,0,2,1
316,1,4,17,0,0,12,0,7,0,5,0,1,1,0,0,1,0,0,0,0,1
317,1,8,32,0,0,14,0,7,0,99,2,1,0,1,0,0,0,1,1,0,1
318,1,8,42,2,0,17,0,6,0,4,2,3,1,1,0,0,0,1,0,0,1
319,1,8,32,1,0,13,0,5,0,5,0,1,0,1,0,1,0,0,0,0,1
320,1,4,46,2,0,12,0,6,0,5,0,3,0,0,0,1,0,0,0,2,1
321,1,8,59,0,0,18,1,6,0,4,0,1,1,1,0,0,0,1,0,2,1
322,1,8,60,0,0,12,0,6,0,2,2,2,0,1,0,0,0,1,0,0,1
323,1,1,44,0,0,12,2,6,0,1,1,1,0,1,0,1,0,0,0,0,1
324,1,5,42,0,0,15,0,6,0,5,2,2,1,1,0,1,0,0,0,0,1
325,1,7,30,2,0,8,0,4,0,1,0,1,0,1,0,0,0,0,0,1,0
326,1,8,53,1,0,14,1,6,0,2,0,1,0,1,0,0,0,1,0,0,1
327,1,8,60,2,0,14,0,6,0,1,1,2,0,1,0,1,0,0,0,2,0
328,1,9,44,1,0,7,0,3,0,0,1,1,0,1,0,1,0,0,0,0,1
329,1,4,32,0,0,12,0,6,0,5,2,3,0,1,0,1,0,0,0,0,1
330,1,8,60,0,0,18,0,6,0,5,1,1,1,0,0,0,0,0,0,0,1
331,1,5,0,2,0,11,2,7,0,5,1,6,0,1,0,1,0,0,1,2,1
332,1,8,42,0,0,11,1,7,0,5,0,1,1,1,0,0,0,0,0,2,1
333,1,8,30,1,0,12,0,6,0,0,2,4,0,1,0,0,0,0,0,1,1
334,1,4,34,0,0,8,0,7,0,0,0,10,0,1,0,1,0,0,0,2,1
335,1,7,29,2,0,12,3,7,0,1,2,2,0,0,1,1,1,0,0,1,1
336,1,8,21,2,0,12,0,3,0,1,0,1,0,1,1,0,0,0,0,2,1
337,1,1,33,0,0,12,0,7,0,5,0,1,0,0,1,1,1,0,0,0,0
338,1,5,49,2,0,12,0,4,0,0,0,1,0,0,1,0,0,0,0,0,0
339,1,7,29,2,0,12,0,5,0,0,0,12,0,1,1,1,1,0,0,2,1
340,1,4,34,0,0,12,0,6,0,1,0,1,0,0,1,0,0,0,0,0,1
341,1,1,29,2,0,9,0,1,0,5,0,1,1,1,1,1,1,0,0,0,1
342,1,8,32,1,0,12,3,5,0,1,0,3,0,1,1,0,0,0,0,2,1
343,1,1,35,2,0,11,1,1,0,1,0,1,0,0,1,1,1,0,0,1,1
344,1,8,36,2,0,12,5,6,0,2,0,6,0,1,1,1,1,1,0,2,1
345,1,7,25,2,0,12,1,3,0,1,1,5,0,1,1,0,0,0,0,2,1
346,1,5,0,2,0,11,2,6,0,5,0,4,0,1,1,0,0,0,0,2,1
347,1,8,42,2,0,13,0,3,0,1,2,6,0,0,1,1,1,0,0,0,1
348,1,8,40,2,0,12,0,7,0,2,2,3,0,1,1,0,0,1,0,1,1
349,1,3,65,2,0,14,0,2,0,0,2,6,0,1,1,1,1,0,0,1,1
350,1,8,30,0,0,14,0,6,0,2,0,4,0,1,1,0,0,1,0,2,1
351,1,4,36,1,0,11,0,1,0,2,0,4,0,1,0,1,0,1,0,2,1
352,1,3,28,1,0,9,0,2,0,0,0,14,0,1,0,1,0,0,0,2,1
353,1,7,30,1,0,12,2,4,0,0,2,3,0,1,0,0,0,0,0,1,1
354,1,8,42,2,0,14,0,6,0,1,0,1,1,1,1,0,0,0,0,1,1
355,1,8,60,2,0,15,2,6,0,0,0,1,0,1,0,1,0,0,0,0,1
356,1,8,51,0,0,20,5,6,0,6,2,1,0,1,0,0,0,0,1,1,1
357,1,5,65,0,0,18,0,6,0,1,2,2,0,1,0,1,0,0,0,0,1
358,1,8,74,0,0,16,1,6,0,1,0,1,0,1,0,0,0,0,0,1,1
359,1,4,49,0,0,12,0,7,0,99,2,1,0,1,0,0,0,1,1,2,0
360,1,9,47,0,0,12,0,6,0,6,0,3,0,0,0,1,0,0,1,2,1
361,1,8,51,0,0,13,2,6,0,0,2,1,0,1,0,0,0,0,0,0,0
362,1,4,75,2,0,17,0,3,0,5,0,1,0,1,0,1,0,0,0,0,1
363,1,8,33,2,0,16,1,6,0,1,0,2,0,0,1,1,1,0,0,2,0
364,1,8,52,0,0,16,0,6,0,4,0,1,0,0,1,1,1,1,0,0,1
365,1,8,35,0,0,15,1,6,0,1,2,1,0,1,0,1,0,0,0,0,1
366,1,8,86,2,0,16,0,6,0,3,0,1,0,1,0,0,0,1,0,0,1
367,1,8,37,2,0,16,0,6,0,0,2,0,0,1,0,0,0,0,0,0,1
368,1,8,75,2,0,19,0,6,0,3,0,1,1,1,0,1,0,1,0,2,1
369,1,9,50,0,0,14,0,6,0,3,2,2,0,1,0,0,0,1,0,1,1
370,1,8,58,2,0,16,0,6,0,3,2,5,0,1,0,0,0,1,0,0,1
371,1,8,57,0,0,20,0,6,0,5,0,4,0,1,0,0,0,0,0,2,1
372,1,8,51,2,0,14,0,7,0,1,0,1,1,0,0,0,0,0,0,2,1
373,1,8,20,0,0,16,2,7,0,5,2,1,0,0,0,0,0,0,0,1,1
374,1,8,46,0,0,16,0,6,0,5,0,1,1,1,0,1,0,0,0,0,1
375,1,8,74,0,0,15,0,6,0,1,1,1,1,1,0,0,0,0,0,0,1
376,1,8,34,2,0,12,0,5,0,0,0,15,0,1,0,1,0,0,0,2,1
377,1,9,47,0,0,17,1,6,0,6,2,1,0,1,0,0,0,0,1,1,0
378,1,9,45,2,0,13,0,3,0,4,2,3,0,0,0,0,0,1,0,0,1
379,1,9,29,0,0,13,1,7,0,5,0,1,1,1,0,1,0,0,0,2,1
380,1,8,45,0,0,18,1,6,0,2,1,1,1,0,0,0,0,1,0,0,1
381,1,4,28,0,0,12,0,7,0,5,1,4,1,1,0,1,0,0,0,2,1
382,1,8,35,1,0,12,4,6,0,4,1,2,0,0,0,1,0,1,0,2,1
383,1,1,20,0,0,9,3,4,0,0,2,3,1,1,0,1,0,0,0,0,1
384,1,8,40,0,0,16,0,6,0,2,2,0,0,1,0,0,0,1,0,1,1
385,1,8,46,0,0,16,0,6,0,3,2,1,1,1,0,1,0,1,0,0,1
386,1,8,74,0,0,18,3,6,0,5,0,1,0,1,0,0,0,0,0,2,1
387,1,8,44,0,0,16,0,6,0,1,0,1,1,1,0,1,0,0,0,0,1
388,1,8,38,0,0,18,1,6,0,5,1,3,1,1,0,0,0,0,0,2,1
389,1,1,39,0,0,12,3,6,0,4,2,4,1,1,0,1,0,1,0,0,1
390,1,8,64,0,0,16,0,6,0,2,0,1,0,0,0,0,0,1,0,0,0
391,1,4,17,2,0,5,0,6,0,1,1,3,0,1,0,0,0,0,0,2,1
392,1,6,66,0,0,20,1,6,0,5,0,3,1,1,0,1,0,0,0,2,1
393,1,1,47,0,0,12,0,3,0,5,2,3,1,1,0,1,0,0,0,0,1
394,1,1,64,0,0,16,1,6,0,6,0,1,1,1,0,1,0,0,1,0,1
395,1,8,44,0,0,12,1,6,0,2,0,2,0,1,0,0,0,1,0,2,1
396,1,8,51,0,0,16,3,6,0,4,1,1,0,1,0,0,0,1,0,0,1
397,1,8,33,0,0,15,2,6,0,1,0,1,0,0,1,1,1,0,0,1,0
398,1,8,40,2,0,13,0,6,0,2,1,1,0,0,1,0,0,1,0,0,1
399,1,4,24,0,0,12,0,7,0,4,0,1,1,0,1,0,0,1,0,0,1
400,1,8,42,0,0,14,0,6,0,5,2,2,0,0,1,1,1,0,0,0,1
401,1,8,61,2,0,10,2,3,0,6,0,2,0,1,1,1,1,0,1,2,1
402,1,8,66,2,0,19,0,6,0,3,2,1,0,1,1,1,1,1,0,0,1
403,1,8,39,2,0,16,2,7,0,2,2,3,0,0,1,1,1,1,0,0,1
404,1,8,42,2,1,11,0,4,0,5,1,1,0,1,1,0,0,0,0,1,0
405,1,8,24,1,0,12,1,6,0,3,1,1,0,1,1,0,0,1,0,1,1
406,1,7,22,2,0,12,0,1,0,2,0,1,0,0,1,0,0,1,0,2,1
407,1,8,23,0,0,12,0,6,0,5,0,1,0,1,1,0,0,0,0,0,1
408,1,4,36,0,0,10,0,5,0,5,1,4,0,0,1,1,1,0,1,2,1
409,1,8,33,2,0,16,0,6,5,5,0,2,0,1,0,1,0,0,0,2,1
410,1,4,51,0,0,16,0,6,5,0,2,4,0,1,0,0,0,0,0,0,1
411,1,8,39,0,0,16,0,4,5,1,2,2,1,1,0,0,0,0,0,1,1
412,1,8,51,2,0,16,0,6,5,1,0,1,0,1,0,1,0,0,0,1,1
413,1,8,53,2,0,18,0,6,5,0,0,1,0,1,0,0,0,0,0,1,1
414,1,1,46,1,0,12,2,4,5,1,0,1,1,1,0,1,0,0,0,0,1
415,1,9,40,2,0,16,0,6,5,5,0,1,0,1,0,0,0,0,0,1,1
416,1,1,29,2,0,12,0,2,5,1,0,1,0,0,1,0,0,0,0,1,1
417,1,1,29,2,0,13,2,2,5,2,0,3,0,0,1,1,1,1,0,2,1
418,1,7,25,2,0,11,1,2,5,3,0,1,0,0,1,1,1,1,0,1,0
419,1,1,42,2,0,11,0,7,5,5,2,3,0,1,1,1,1,0,0,0,0
420,1,7,34,2,0,14,0,3,5,2,0,1,0,0,0,1,0,1,0,1,1
421,1,1,0,0,0,8,1,6,5,5,2,8,0,0,0,1,0,0,0,0,1
422,1,5,0,2,0,11,1,1,5,1,2,2,0,1,1,1,1,0,0,1,0
423,1,8,36,2,0,11,1,2,5,1,0,2,0,0,1,1,1,0,0,2,1
424,1,4,42,0,0,15,0,3,5,5,0,3,0,1,0,1,0,0,0,2,0
425,1,8,48,0,0,14,2,6,5,0,0,2,0,1,0,1,0,0,0,2,1
426,1,8,61,2,0,18,0,6,5,4,1,1,0,1,0,1,0,1,0,2,1
427,1,8,51,2,0,12,0,7,5,5,1,1,0,0,0,0,0,0,0,2,0
428,1,8,48,0,0,18,0,6,5,4,1,1,0,1,0,0,0,1,0,1,1
429,1,4,51,1,0,15,0,6,5,2,2,2,1,1,0,1,0,1,0,0,1
430,1,4,64,2,0,20,0,3,5,0,1,1,0,1,0,0,0,0,0,0,1
431,1,4,64,1,0,16,0,7,5,0,2,1,1,1,0,0,0,0,0,0,1
432,1,8,73,0,0,18,0,6,5,5,1,1,0,1,0,1,0,0,0,0,1
433,1,8,74,0,0,16,0,6,5,0,1,2,0,1,0,0,0,0,0,2,1
434,1,7,36,2,0,12,0,3,5,0,0,2,0,0,0,0,0,0,0,2,0
435,1,6,30,2,0,12,0,4,5,0,0,1,0,0,0,0,0,0,0,1,1
436,1,1,25,1,0,10,1,6,5,0,1,6,0,0,0,1,0,0,0,2,1
437,1,8,25,2,0,14,0,1,5,1,0,1,0,1,0,1,0,0,0,2,1
438,1,7,45,2,0,12,1,4,5,0,0,1,0,0,0,0,0,0,0,1,0
439,1,1,36,0,0,13,2,6,5,1,1,1,0,1,0,1,0,0,0,0,1
440,1,9,28,2,0,12,1,2,5,0,0,1,0,1,0,1,0,0,0,2,1
441,1,9,49,2,0,13,0,3,5,0,0,4,0,0,0,0,0,0,0,2,1
442,1,4,41,1,0,14,2,4,5,1,0,4,0,1,0,0,0,0,0,2,1
443,1,7,36,2,0,14,2,2,5,1,1,8,0,1,0,1,0,0,0,2,0
444,1,7,40,1,0,12,0,6,5,0,0,1,0,1,0,0,0,0,0,1,1
445,1,8,22,1,0,14,1,5,5,1,0,1,1,0,0,1,0,0,0,1,1
446,1,4,52,1,0,16,0,7,5,0,1,1,1,1,0,1,0,0,0,0,1
447,1,7,30,2,0,11,0,3,5,0,0,3,0,0,0,0,0,0,0,2,0
448,1,7,31,2,0,12,0,3,5,0,2,4,0,0,0,0,0,0,0,1,0
449,1,8,69,0,0,16,2,6,5,6,0,0,1,1,0,0,0,0,1,2,1
450,1,7,51,2,0,14,0,3,5,0,0,1,0,0,0,0,0,0,0,1,1
451,1,4,48,2,0,8,0,3,5,0,0,2,0,0,0,0,0,0,0,2,1
452,1,8,32,2,0,12,0,6,5,0,0,1,0,0,0,0,0,0,0,0,1
453,1,4,42,0,0,14,0,6,5,0,2,4,1,0,0,1,0,0,0,0,1
454,1,8,33,2,0,14,0,6,5,1,2,3,1,1,0,0,0,0,0,0,1
455,1,8,65,1,0,13,0,6,5,0,2,3,0,0,0,1,0,0,0,1,1
456,1,8,63,2,0,20,0,6,5,1,0,1,1,1,0,1,0,0,0,0,1
457,1,1,46,0,1,16,0,6,5,1,0,3,1,1,0,1,0,0,0,2,1
458,1,7,74,2,0,16,0,6,5,1,0,1,0,1,0,1,0,0,0,1,1
459,1,4,47,2,0,15,0,6,5,6,0,1,0,1,0,0,0,0,1,0,1
460,1,8,49,2,0,16,0,6,5,2,0,1,0,0,0,0,0,1,0,0,1
461,1,9,21,2,0,11,0,5,5,3,2,5,1,1,0,1,0,1,0,0,1
462,1,9,29,2,0,12,0,4,5,1,1,1,0,0,0,0,0,0,0,0,1
463,1,8,47,1,0,13,0,6,5,2,2,2,1,1,0,1,0,1,0,0,1
464,1,4,64,2,0,16,0,2,5,4,2,3,0,0,0,1,0,1,0,0,1
465,1,8,47,2,0,14,0,6,5,5,0,1,0,0,0,1,0,0,1,2,1
466,1,8,39,0,0,12,0,6,5,1,2,3,0,1,0,1,0,0,0,0,1
467,1,7,44,0,0,12,0,6,5,1,0,3,0,1,0,0,0,0,0,2,1
468,1,8,47,2,0,12,0,6,5,0,0,0,0,1,0,0,0,0,0,2,1
469,1,1,0,1,0,10,0,6,5,0,0,1,1,1,0,1,0,0,0,0,1
470,1,4,54,0,0,16,0,6,5,6,1,1,1,0,0,0,0,0,1,0,1
471,1,1,47,0,0,16,2,6,5,1,1,1,0,1,0,1,0,0,0,2,1
472,1,9,74,0,0,18,2,6,5,5,0,1,0,1,0,1,0,0,0,0,1
473,1,1,35,0,0,16,0,6,5,2,2,4,0,1,0,1,0,1,0,0,1
474,1,8,54,0,0,16,0,6,5,5,2,2,0,1,0,1,0,0,0,1,1
475,1,9,32,0,0,8,0,3,5,0,2,6,0,0,0,0,0,0,0,0,1
476,1,7,45,2,0,12,0,6,5,0,0,1,0,1,0,0,0,0,0,0,1
477,1,7,51,2,0,13,0,6,5,0,2,3,0,1,0,0,0,0,0,1,0
478,1,8,30,0,0,16,0,6,5,4,0,2,1,1,0,1,0,1,0,2,1
479,1,5,0,2,0,11,1,3,5,2,0,1,1,1,0,0,0,1,0,0,1
480,1,8,53,0,0,12,1,6,5,1,1,1,0,1,0,0,0,0,0,0,1
481,1,1,38,1,0,12,2,6,5,0,1,8,1,1,0,1,0,0,0,2,1
482,1,8,34,0,0,12,2,6,5,1,2,3,0,1,0,0,0,0,0,1,1
483,1,8,61,1,0,14,2,6,5,0,2,2,1,0,0,0,0,0,0,1,1
484,1,8,44,2,0,14,2,7,5,0,0,1,0,1,0,1,0,0,0,2,1
485,1,4,31,0,0,12,0,6,5,0,2,3,1,0,0,0,0,0,0,1,1
486,1,9,22,2,0,15,1,6,5,0,2,2,0,1,0,0,0,0,0,1,1
487,1,8,33,0,0,12,2,6,5,0,0,3,0,1,0,1,0,0,0,2,0
488,1,4,66,2,0,14,0,4,2,2,0,1,1,1,0,0,0,1,0,0,1
489,1,8,49,2,0,16,0,4,2,0,1,2,0,1,0,0,0,0,0,2,1
490,1,1,46,0,0,12,3,6,2,5,1,1,1,1,0,1,0,0,0,0,1
491,1,4,19,0,0,5,0,1,2,0,2,3,0,1,0,0,0,0,0,0,1
492,1,9,22,2,0,9,0,3,2,0,0,1,0,1,0,1,0,0,0,1,0
493,1,1,35,0,0,10,1,1,2,0,0,5,0,1,0,1,0,0,0,2,0
494,1,8,30,0,0,16,3,6,2,2,1,1,1,1,0,0,0,1,0,2,1
495,1,8,46,0,0,12,0,5,2,6,2,3,0,1,0,1,0,0,1,0,1
496,1,1,28,2,0,10,0,1,2,0,1,1,0,1,0,1,0,0,0,0,1
497,1,4,64,2,0,19,0,4,2,6,2,5,1,0,0,1,0,0,1,1,1
498,1,3,0,2,0,11,0,1,2,5,0,1,0,0,0,0,0,0,0,0,0
499,1,9,36,0,0,9,0,6,2,4,0,1,0,0,0,1,0,1,0,0,1
500,1,8,22,0,0,12,2,6,2,4,0,4,0,0,0,0,0,1,0,2,1
501,1,8,43,2,0,12,1,5,2,5,0,4,0,1,0,1,0,0,1,2,0
502,1,8,47,2,0,11,0,6,2,99,0,2,0,1,0,0,0,1,1,2,1
503,1,7,42,2,0,10,1,7,6,5,2,3,0,1,1,1,1,0,0,1,1
504,1,8,42,2,0,8,0,7,6,99,0,3,0,0,1,1,1,1,1,2,1
505,1,8,51,2,0,12,1,3,6,4,2,4,0,1,0,1,0,1,0,0,1
506,1,8,23,0,0,12,3,6,6,5,0,1,0,1,1,0,0,0,1,0,1
507,1,8,47,0,0,14,1,6,6,1,2,2,0,0,1,1,1,0,0,1,1
508,1,8,41,0,0,13,3,6,6,6,0,1,0,1,1,1,1,0,1,1,1
509,1,7,29,2,0,13,3,2,6,5,0,4,0,0,1,1,1,0,0,2,1
510,1,8,59,2,0,12,0,6,2,1,0,1,0,0,0,0,0,0,0,1,1
511,1,1,50,0,0,13,0,6,2,3,2,4,1,1,0,1,0,1,0,1,1
512,1,8,59,2,0,16,0,6,2,3,2,1,1,1,0,1,0,1,0,0,1
513,1,8,39,0,0,14,1,6,2,3,0,2,0,1,0,1,0,1,0,2,1
514,1,8,51,1,0,14,0,6,2,2,0,4,0,0,0,0,0,1,0,2,1
515,1,4,47,2,0,12,0,7,2,2,1,1,0,1,0,0,0,1,0,0,1
516,1,4,29,0,1,9,0,4,2,3,0,1,0,1,0,1,0,1,0,0,1
517,1,8,46,2,0,16,0,6,2,6,2,2,0,0,0,1,0,0,1,0,1
518,1,1,29,0,0,11,2,6,2,1,0,1,0,1,0,1,0,0,0,0,1
519,1,8,46,2,0,12,0,5,2,5,0,1,1,1,0,1,0,0,0,2,1
520,1,8,38,1,0,12,0,6,2,1,0,1,0,1,0,0,0,0,0,1,1
521,1,8,66,0,0,16,0,6,2,6,0,1,0,1,0,1,0,0,1,0,1
522,1,8,36,0,0,14,3,6,2,5,2,2,0,1,0,0,0,0,1,0,1
523,1,1,65,0,0,16,1,6,2,0,0,2,0,0,0,1,0,0,0,2,1
524,1,8,64,0,0,19,0,6,2,4,1,4,0,1,1,1,1,1,0,2,1
525,1,1,46,0,0,12,0,7,2,1,0,4,0,1,0,1,0,0,0,2,1
526,1,9,38,0,0,12,0,7,2,5,1,6,0,1,0,1,0,0,0,2,1
527,1,8,42,0,0,13,3,6,2,0,0,1,1,1,0,0,0,0,0,0,1
528,1,1,34,0,0,12,0,5,2,5,1,4,0,1,0,1,0,0,0,2,1
529,1,8,53,0,0,19,1,6,2,5,1,1,0,1,0,0,0,0,0,2,1
530,1,8,46,0,0,12,1,6,2,4,2,2,1,1,0,1,0,1,0,0,1
531,1,8,29,0,0,16,0,6,2,5,2,2,1,1,0,1,0,0,0,1,1
532,1,8,64,1,0,17,1,6,2,6,2,1,0,1,0,0,0,0,1,0,1
533,1,8,65,0,0,16,0,6,2,3,2,2,1,0,0,0,0,1,0,0,1
534,1,8,49,0,0,16,0,6,2,5,0,1,1,1,0,0,0,0,0,0,1
535,1,8,65,0,0,18,2,6,2,1,0,1,1,1,0,1,0,0,0,0,1
536,1,8,64,0,0,18,1,6,2,0,0,2,0,1,0,1,0,0,0,2,1
537,1,9,42,0,0,15,2,6,2,6,2,2,0,1,0,1,0,0,1,0,1
538,1,8,62,2,0,18,0,6,2,5,0,2,0,1,0,1,0,0,0,2,1
539,1,9,25,2,0,13,0,6,2,1,0,5,1,0,0,0,0,0,0,2,1
540,1,8,44,2,0,16,0,6,2,3,0,1,0,1,0,0,0,1,0,0,1
541,1,8,51,0,0,16,1,6,2,5,2,2,0,0,0,0,0,0,1,0,1
542,1,9,43,0,0,17,1,6,2,2,2,5,0,0,0,1,0,1,0,0,1
543,1,8,66,2,0,16,2,6,0,5,0,1,0,1,1,1,1,0,1,2,1
544,1,4,29,2,0,12,0,2,0,4,2,2,0,0,1,1,1,1,0,2,1
545,1,4,23,2,0,4,0,2,0,6,0,1,0,0,1,1,1,0,1,0,0
546,1,4,23,0,0,7,0,7,0,3,0,2,0,1,1,1,1,1,0,2,1
547,1,4,30,0,0,4,0,1,0,1,2,2,0,0,1,0,0,0,0,0,0
548,1,4,34,0,0,8,0,2,0,6,0,1,1,0,1,1,1,0,1,0,1
549,1,4,0,0,0,2,0,1,0,5,0,1,0,0,1,0,0,0,0,0,0
550,1,1,34,0,0,10,0,6,0,3,1,1,0,1,1,1,1,1,0,0,1
551,1,8,33,2,0,13,2,3,0,6,2,2,0,0,0,1,0,0,1,1,0
552,1,5,43,2,0,12,1,2,0,3,2,4,0,1,1,1,1,1,0,1,0
553,1,9,22,0,0,12,3,6,0,0,0,1,0,1,1,0,0,0,0,1,0
554,1,9,53,2,0,13,2,7,0,1,1,12,0,1,1,1,1,0,0,2,1
555,1,4,42,2,0,8,0,7,0,0,2,6,0,1,0,0,0,0,0,0,1
556,1,8,20,2,0,14,0,5,0,2,0,1,0,0,1,1,1,1,0,0,1
557,1,8,68,2,0,11,0,1,0,0,0,1,0,0,1,1,1,0,0,1,0
558,1,1,0,2,0,11,3,2,0,3,0,1,1,0,1,1,1,1,0,2,1
559,1,8,60,0,0,12,2,6,0,5,1,1,0,1,1,0,0,0,0,0,0
560,1,8,43,0,0,12,2,6,0,1,1,1,0,0,1,1,1,0,0,2,0
561,1,8,44,2,0,14,0,6,0,0,2,1,1,1,0,0,0,0,0,0,1
562,1,8,51,0,0,16,2,6,0,4,1,1,0,1,0,0,0,1,0,1,1
563,1,8,30,0,0,12,2,6,0,2,2,3,1,1,0,1,0,1,0,0,1
564,1,8,49,2,0,14,0,5,0,2,1,1,1,1,0,0,0,1,0,0,1
565,1,9,29,2,0,11,0,6,0,1,2,4,0,0,0,0,0,0,0,0,1
566,1,9,36,2,0,15,0,7,0,5,0,1,0,1,0,0,0,0,0,1,1
567,1,8,27,2,0,12,0,6,0,1,1,2,1,0,0,0,0,0,0,2,1
568,1,8,44,2,0,9,1,7,0,2,1,1,0,1,0,1,0,1,0,2,1
569,1,4,36,1,1,12,0,5,0,2,2,3,0,0,0,0,0,1,0,0,1
570,1,6,28,2,0,12,0,6,0,5,1,8,0,0,0,1,0,0,0,2,0
571,1,9,49,0,0,12,1,3,0,1,0,2,0,0,0,1,0,0,0,2,1
572,1,8,49,0,0,16,2,7,0,3,0,1,0,1,0,0,0,1,0,0,1
573,1,8,39,0,0,12,2,5,0,0,1,4,0,1,0,0,0,0,0,2,1
574,1,9,47,1,0,12,0,6,0,6,2,4,0,1,0,1,0,0,1,0,1
575,1,9,35,0,0,12,2,6,0,2,1,1,1,1,0,1,0,1,0,0,1
576,1,9,66,0,0,15,3,6,0,6,0,4,0,1,0,1,0,0,1,2,1
577,1,4,29,2,0,12,0,4,0,6,1,1,0,0,0,0,0,0,1,0,1
578,1,6,65,1,0,12,0,6,0,5,2,2,0,1,0,1,0,0,0,0,1
579,1,1,36,0,0,16,0,6,0,3,2,6,0,1,0,1,0,1,0,0,1
580,1,8,44,1,0,16,1,6,0,4,0,1,1,1,0,0,0,1,0,0,1
581,1,8,42,0,0,16,0,6,0,5,0,1,1,1,0,1,0,0,0,0,1
582,1,8,23,2,0,13,2,6,0,0,0,1,0,1,0,0,0,0,0,0,1
583,1,8,32,2,0,17,0,6,0,1,1,1,1,1,0,0,0,0,0,2,1
584,1,9,53,0,0,13,2,6,0,4,0,2,0,1,0,1,0,1,0,2,1
585,1,1,40,0,0,13,0,7,0,3,0,1,0,1,0,1,0,1,0,2,1
586,1,8,40,2,0,12,1,4,0,99,2,4,0,1,0,1,0,1,1,1,1
587,1,1,30,1,0,12,3,6,0,99,2,4,0,0,0,1,0,1,1,0,0
588,1,9,23,2,0,10,0,3,0,1,0,1,0,0,0,1,0,0,0,0,1
589,1,8,74,0,0,14,0,6,0,2,1,2,1,1,0,1,0,1,0,2,1
590,1,8,36,2,0,16,0,5,0,1,1,1,0,1,0,0,0,0,0,0,1
591,1,8,40,2,0,14,2,5,0,5,2,1,0,0,0,0,0,0,1,0,1
592,1,9,40,0,0,12,0,6,0,3,1,3,0,0,0,0,0,1,0,2,1
593,1,8,46,0,0,16,2,6,0,5,2,1,0,1,0,1,0,0,0,0,1
594,1,8,32,2,0,13,1,2,8,2,2,0,0,0,0,1,0,1,0,1,0
595,1,8,42,2,0,14,0,6,8,0,1,4,0,1,0,0,0,0,0,2,1
596,1,8,36,2,0,12,0,6,8,3,1,4,0,1,0,1,0,1,0,2,1
597,1,9,29,2,0,9,1,7,8,4,0,1,0,1,0,1,0,1,0,1,1
598,1,8,32,2,0,12,0,1,8,4,2,2,0,1,1,1,1,1,0,0,0
599,1,8,36,1,0,16,1,6,8,1,0,3,0,1,1,0,0,0,0,2,0
600,1,8,46,2,0,16,0,4,8,5,2,3,0,1,0,1,0,0,1,1,1
601,1,4,46,1,0,15,0,6,8,2,1,1,0,1,0,1,0,1,0,0,1
602,1,8,63,2,0,16,0,7,8,5,0,1,0,1,0,1,0,0,0,0,0
603,1,4,32,0,0,14,0,3,8,1,0,4,0,1,0,1,0,0,0,2,1
604,1,6,49,2,0,16,0,7,8,1,1,1,0,1,0,0,0,0,0,1,0
605,1,1,0,0,0,12,0,3,8,1,1,1,0,0,0,1,0,0,0,0,1
606,1,1,40,1,0,12,0,3,8,5,0,4,0,1,0,1,0,0,1,2,1
607,1,8,53,0,0,14,0,6,8,4,0,2,1,1,0,1,0,1,0,2,1
608,1,1,23,0,0,10,3,3,8,3,2,4,0,0,1,1,1,1,0,1,1
609,1,3,36,2,0,12,2,7,8,1,0,1,0,0,1,1,1,0,0,0,0
610,1,8,34,0,0,9,0,4,8,6,2,2,0,0,0,1,0,0,1,0,1
611,1,9,23,0,0,11,2,3,8,5,1,1,0,1,1,1,1,0,0,0,1
612,1,7,32,2,1,12,0,4,8,2,0,5,0,0,1,0,0,1,0,2,1
613,1,8,30,0,0,12,0,6,8,6,0,1,1,0,1,0,0,0,1,0,1
614,1,8,64,2,0,16,0,6,8,6,2,1,1,1,1,1,1,0,1,1,1
615,1,9,23,0,0,12,0,7,8,5,1,4,0,0,1,1,1,0,1,2,1
616,1,8,63,2,0,12,1,5,8,5,2,8,0,0,1,1,1,0,0,0,0
617,1,8,32,2,1,12,4,4,8,4,2,1,1,0,1,1,1,1,0,1,1
618,1,4,42,2,0,14,0,6,8,4,1,1,0,1,0,0,0,1,0,0,1
619,1,8,49,2,0,12,0,5,8,4,2,1,1,0,0,1,0,1,0,1,1
620,1,8,43,2,0,12,0,5,8,2,0,3,0,1,0,1,0,1,0,2,1
621,1,8,64,2,0,16,0,7,8,4,0,1,0,1,0,1,0,1,0,2,1
622,1,8,43,2,0,16,0,6,8,4,0,1,0,1,0,0,0,1,0,1,1
623,1,8,33,2,0,16,0,4,8,6,0,1,0,1,0,1,0,0,1,1,1
624,1,8,52,2,0,15,0,6,8,4,1,1,0,0,0,0,0,1,0,0,1
625,1,9,28,2,0,11,0,1,8,1,1,1,0,0,0,0,0,0,0,0,1
626,1,7,28,2,0,14,0,5,8,4,2,4,0,1,0,0,0,1,0,1,0
627,1,4,39,0,0,12,0,4,8,1,0,2,0,0,0,0,0,0,0,2,1
628,1,8,51,1,0,12,0,6,8,1,0,1,1,1,0,0,0,0,0,1,1
629,1,3,51,2,0,12,1,1,8,2,2,1,0,0,0,1,0,1,0,0,1
630,1,1,0,0,0,8,0,3,8,5,1,6,0,1,0,1,0,0,0,2,1
631,1,8,24,0,0,11,1,3,8,3,1,4,0,0,0,0,0,1,0,2,1
632,1,8,40,0,0,12,0,6,8,6,1,1,0,1,0,0,0,0,1,0,1
633,1,8,29,1,0,11,1,4,8,1,1,1,0,0,0,1,0,0,0,1,0
634,1,8,45,1,0,13,1,6,8,3,2,5,0,1,0,0,0,1,0,1,1
635,1,8,28,0,0,12,2,6,8,3,2,3,0,1,0,1,0,1,0,0,1
636,1,8,40,2,0,13,0,3,8,0,2,2,0,1,0,0,0,0,0,1,1
637,1,4,28,0,0,12,0,1,8,1,0,6,0,1,0,1,0,0,0,2,1
638,1,8,30,0,0,13,0,6,8,1,0,1,0,0,0,0,0,0,0,2,0
639,1,8,64,2,0,18,0,6,8,5,2,1,0,1,0,1,0,0,0,0,1
640,1,8,47,2,0,14,2,6,8,1,0,1,0,1,0,1,0,0,0,0,1
641,1,1,44,0,0,11,0,7,8,5,0,1,1,1,0,1,0,0,0,0,1
642,1,8,31,0,0,13,1,6,8,5,0,3,0,1,0,1,0,0,0,2,1
643,1,8,58,0,0,19,0,6,6,3,0,1,1,1,0,0,0,1,0,0,1
644,1,1,26,0,0,12,2,6,6,4,0,1,0,0,1,0,0,1,0,1,1
645,1,6,50,2,0,14,0,7,6,5,0,3,0,1,1,1,1,0,0,2,1
646,1,8,65,2,0,16,0,6,6,4,2,3,0,0,1,0,0,1,0,0,1
647,1,8,33,0,0,17,0,6,6,3,0,2,0,0,1,1,1,1,0,2,1
648,1,8,43,2,0,16,0,6,6,2,0,1,0,1,1,1,1,1,0,0,1
649,1,3,23,2,0,13,0,1,6,5,0,1,1,1,0,0,0,0,0,0,1
650,1,8,64,2,0,18,0,4,6,0,0,2,0,1,0,0,0,0,0,2,1
651,1,8,68,2,0,16,0,7,6,2,0,3,0,0,1,1,1,1,0,2,1
652,1,8,32,2,0,12,0,3,6,2,0,1,0,0,1,1,1,1,0,1,1
653,1,8,49,2,0,16,0,3,6,1,2,5,0,0,0,0,0,0,0,0,1
654,1,8,22,2,0,10,0,6,6,2,2,12,0,0,1,1,1,1,0,1,1
655,1,8,36,0,0,14,1,6,6,5,2,3,0,1,1,0,0,0,0,0,1
656,1,8,47,2,0,15,0,6,6,3,2,4,0,1,1,1,1,1,0,0,1
657,1,8,42,2,0,12,1,6,6,1,0,6,0,0,1,1,1,0,0,2,1
658,1,8,36,2,0,16,0,6,6,5,0,1,0,1,1,1,1,0,0,0,1
659,1,8,57,0,0,12,1,6,6,2,0,1,0,1,1,0,0,1,0,1,0
660,1,8,28,0,0,10,2,6,6,1,2,4,0,0,0,1,0,0,0,0,1
661,1,7,51,2,0,13,0,4,6,2,1,1,0,1,0,0,0,1,0,1,1
662,1,9,47,2,0,18,0,6,6,0,0,0,1,0,0,1,0,0,0,2,1
663,1,8,60,0,0,18,1,7,6,1,2,3,1,1,0,0,0,0,0,0,1
664,1,8,75,0,0,20,0,7,6,1,0,2,1,0,0,1,0,0,0,2,1
665,1,8,73,2,0,18,0,6,6,1,0,2,0,1,0,0,0,0,0,2,1
666,1,8,48,2,0,16,0,6,6,2,2,0,1,0,0,1,0,1,0,1,1
667,1,7,46,2,0,11,0,1,6,5,0,1,0,0,0,0,0,0,0,1,1
668,1,8,61,2,0,15,0,6,6,0,0,1,1,0,0,1,0,0,0,0,1
669,1,8,47,2,0,16,0,5,6,5,1,1,1,1,0,0,0,0,0,1,1
670,1,4,46,1,0,14,0,2,6,0,0,3,0,0,0,1,0,0,0,2,1
671,1,4,40,0,0,12,0,3,6,5,0,1,0,0,0,1,0,0,0,0,1
672,1,8,51,2,0,15,0,6,6,2,0,1,0,0,0,1,0,1,0,2,1
673,1,8,74,2,0,19,0,6,6,0,2,4,0,1,0,0,0,0,0,0,1
674,1,8,75,0,0,20,0,6,6,0,2,1,0,1,0,0,0,0,0,0,1
675,1,9,57,2,0,19,0,6,6,3,0,3,1,1,0,1,0,1,0,2,1
676,1,8,51,2,0,14,0,6,6,0,0,3,0,0,0,1,0,0,0,2,0
677,1,9,29,2,0,13,0,1,6,1,0,1,0,0,1,1,1,0,0,0,1
678,1,4,65,0,1,12,0,6,6,3,1,1,1,0,0,1,0,1,0,0,1
679,1,1,44,2,0,11,3,3,6,4,0,1,0,0,1,1,1,1,0,1,1
680,1,9,30,2,0,14,0,6,6,0,2,3,0,1,0,0,0,0,0,0,1
681,1,8,74,2,0,18,0,6,6,4,2,1,0,0,1,1,1,1,0,1,1
682,1,4,49,0,0,16,0,6,6,1,1,1,1,1,0,0,0,0,0,0,1
683,1,7,42,2,0,11,0,4,6,4,1,1,0,1,1,0,0,1,0,1,0
684,1,8,53,2,0,12,3,6,8,1,1,3,0,0,0,0,0,0,0,2,1
685,1,8,66,2,0,20,0,6,8,5,2,2,0,1,0,1,0,0,0,1,1
686,1,8,51,2,0,13,0,6,8,1,0,1,0,1,0,0,0,0,0,2,1
687,1,8,36,2,0,14,0,3,8,4,2,3,0,1,0,1,0,1,0,1,1
688,1,4,29,0,0,8,0,1,8,5,2,5,0,0,0,1,0,0,1,0,0
689,1,8,32,2,0,12,0,3,8,4,0,3,1,0,0,1,0,1,0,2,1
690,1,1,41,0,0,13,1,7,8,99,0,2,0,0,0,1,0,1,1,2,1
691,1,4,69,1,0,6,0,2,8,6,0,1,1,0,0,0,0,0,1,0,1
692,1,8,65,0,0,17,2,6,8,5,2,1,0,0,0,0,0,0,0,0,1
693,1,8,61,1,0,14,0,6,8,2,1,1,0,1,0,1,0,1,0,1,1
694,1,3,0,1,0,14,2,6,8,5,2,2,0,1,0,0,0,0,0,0,1
695,1,9,47,0,0,12,3,6,8,5,1,1,0,1,0,1,0,0,0,2,1
696,1,8,48,1,0,17,0,6,8,3,1,1,0,1,0,1,0,1,0,2,1
697,1,8,64,0,0,17,2,6,8,4,2,3,0,1,0,1,0,1,0,0,0
698,1,8,42,0,0,12,1,6,8,2,1,1,0,1,0,0,0,1,0,2,1
699,1,8,44,0,0,8,2,7,8,6,2,3,1,1,0,1,0,0,1,0,1
700,1,6,32,2,0,11,4,6,8,3,1,1,0,0,0,0,0,1,0,0,1
701,1,1,43,0,0,13,0,6,8,6,1,1,1,0,0,1,0,0,1,0,1
702,1,8,34,0,0,12,2,6,8,5,0,1,0,1,0,1,0,0,1,0,1
703,1,8,66,0,0,15,2,6,8,5,1,1,0,1,0,0,0,0,0,1,1
704,1,8,33,0,0,14,1,6,8,3,1,1,1,1,0,1,0,1,0,2,1
705,1,8,22,0,0,6,2,6,8,2,1,3,0,1,0,0,0,1,0,2,1
706,1,8,31,1,0,12,1,3,8,4,2,1,1,1,0,0,0,1,0,1,1
707,1,7,36,1,0,12,0,7,8,5,1,1,0,1,1,0,0,0,0,1,1
708,1,8,44,1,0,12,0,6,8,4,0,1,1,1,0,0,0,1,0,0,1
709,1,8,51,0,0,14,0,6,8,3,1,1,0,1,1,1,1,1,0,0,1
710,1,8,36,0,0,14,1,6,8,5,1,0,0,0,1,1,1,0,0,2,0
711,1,8,42,2,0,12,0,1,8,5,0,6,1,1,1,1,1,0,0,2,1
712,1,4,60,2,0,13,0,3,8,3,2,12,0,0,1,1,1,1,0,1,0
713,1,8,43,0,0,11,1,6,8,2,1,2,0,0,1,1,1,1,0,2,1
714,1,8,33,2,0,12,1,4,8,3,0,1,0,1,1,1,1,1,0,0,1
715,1,8,49,0,0,16,2,6,8,6,0,1,0,1,0,0,0,0,1,1,1
716,1,8,51,1,0,20,2,6,8,4,1,1,0,1,0,0,0,1,0,2,1
717,1,8,86,0,0,18,2,6,8,4,2,3,1,1,0,0,0,1,0,0,1
718,1,1,40,0,0,12,2,6,8,4,2,4,0,1,0,1,0,1,0,0,1
719,1,8,51,1,0,16,2,6,8,1,1,1,1,1,0,0,0,0,0,2,1
720,1,8,65,0,0,19,1,6,8,4,1,1,1,1,0,0,0,1,0,0,1
721,1,7,59,0,0,16,1,6,8,5,1,3,0,1,0,0,0,0,0,2,0
722,1,4,40,2,0,8,0,7,8,4,2,2,0,0,0,1,0,1,0,0,0
723,1,4,66,1,0,20,0,5,8,99,0,3,0,0,0,1,0,1,1,2,1
724,1,1,0,0,0,12,0,1,8,4,0,1,0,0,0,1,0,1,0,0,1
725,1,1,36,0,0,12,0,3,8,2,2,6,0,1,0,1,0,1,0,0,0
726,1,4,46,0,0,13,0,7,8,2,0,5,0,1,0,1,0,1,0,2,1
727,1,4,34,0,0,12,0,7,8,1,0,5,0,1,0,1,0,0,0,2,1
728,1,4,42,2,0,7,0,2,4,5,0,11,0,0,0,0,0,0,0,2,1
729,1,4,29,2,0,8,0,1,4,5,2,4,0,0,1,1,1,0,0,0,1
730,1,4,42,0,0,7,0,3,4,1,0,1,0,1,1,0,0,0,0,0,1
731,1,4,23,0,0,0,0,2,4,6,0,4,0,1,1,0,0,0,1,2,0
732,1,7,28,2,0,15,0,3,4,1,2,4,0,0,0,1,0,0,0,1,1
733,1,8,61,2,0,16,0,6,4,2,2,1,0,1,0,0,0,1,0,1,1
734,1,4,36,2,0,12,0,1,4,0,0,7,0,1,0,1,0,0,0,2,0
735,1,8,57,0,0,13,2,6,4,3,1,1,0,1,0,1,0,1,0,1,1
736,1,8,66,0,0,18,0,7,4,1,2,2,0,1,0,1,0,0,0,0,1
737,1,4,33,0,0,12,0,6,4,5,1,1,1,1,0,1,0,0,0,0,1
738,1,1,66,0,0,18,2,6,4,3,1,1,1,1,0,1,0,1,0,2,1
739,1,8,30,0,0,14,0,6,4,5,0,1,0,1,0,0,0,0,0,0,1
740,1,8,27,2,0,13,1,6,4,1,2,3,0,1,0,1,0,0,0,0,1
741,1,3,60,0,0,12,0,5,4,1,0,1,0,1,0,1,0,0,0,0,1
742,1,8,37,0,0,12,2,6,4,5,1,3,1,1,0,1,0,0,0,2,1
743,1,1,60,0,0,17,0,7,4,5,2,1,1,1,0,1,0,0,0,0,1
744,1,1,38,0,0,12,0,3,4,6,2,1,0,1,0,1,0,0,1,0,1
745,1,8,33,0,0,16,1,7,4,5,0,1,0,1,0,1,0,0,0,1,1
746,1,1,74,1,0,16,3,6,4,5,2,1,0,1,0,1,0,0,0,1,1
747,1,4,48,0,0,12,0,6,4,1,2,4,0,1,0,1,0,0,0,0,1
748,1,8,33,2,0,15,0,5,4,1,2,4,0,1,0,0,0,0,0,1,1
749,1,9,66,0,0,15,0,6,4,5,0,1,1,1,0,1,0,0,0,0,1
750,1,8,64,2,0,18,0,6,4,3,0,1,0,0,0,1,0,1,0,2,1
751,1,8,39,2,0,16,0,5,4,1,0,2,0,1,0,0,0,0,0,2,1
752,1,4,74,0,0,16,0,6,4,0,0,0,1,1,0,1,0,0,0,2,1
753,1,8,41,2,0,16,1,6,4,0,2,3,0,0,0,1,0,0,0,1,1
754,1,8,54,0,0,20,0,7,4,1,0,1,0,1,0,1,0,0,0,2,1
755,1,8,64,2,0,18,0,6,4,4,2,1,0,1,0,0,0,1,0,0,1
756,1,8,41,0,0,13,0,6,4,1,2,2,0,0,0,0,0,0,0,1,1
757,1,8,35,0,0,13,0,6,4,1,0,1,1,1,0,0,0,0,0,0,1
758,1,4,31,2,0,14,0,1,4,0,0,1,1,1,0,0,0,0,0,1,1
759,1,8,46,2,0,16,0,6,4,1,2,2,0,1,0,1,0,0,0,1,1
760,1,5,0,2,0,16,0,3,4,5,0,1,0,1,0,1,0,0,0,0,1
761,1,4,43,0,0,12,0,6,4,1,0,1,1,1,0,0,0,0,0,2,1
762,1,1,49,0,0,16,1,6,4,1,0,1,1,1,0,1,0,0,0,0,1
763,1,1,46,0,0,12,3,6,4,0,2,4,0,1,0,1,0,0,0,0,1
764,1,9,52,0,0,16,0,6,4,3,2,1,1,1,0,1,0,1,0,0,1
765,1,8,64,0,0,18,2,6,4,3,2,2,0,1,0,1,0,1,0,1,1
766,1,8,44,0,0,16,0,6,4,1,0,1,0,1,0,1,0,0,0,2,1
767,1,8,60,2,0,15,2,6,4,0,0,1,0,1,0,1,0,0,0,1,0
768,1,8,73,0,0,18,3,6,4,2,2,1,0,1,0,0,0,1,0,1,1
769,1,9,43,0,0,17,2,6,4,4,2,1,0,0,0,1,0,1,0,0,1
770,1,8,49,1,0,12,1,6,4,0,1,1,0,1,0,0,0,0,0,2,1
771,1,4,46,2,0,12,0,7,6,4,0,1,1,1,0,1,0,1,0,0,1
772,1,7,34,2,0,14,0,3,6,5,0,5,0,1,0,1,0,0,0,2,1
773,1,6,41,0,0,12,2,7,6,6,2,1,1,1,0,1,0,0,1,1,1
774,1,8,51,2,0,13,4,5,6,5,0,1,0,1,0,1,0,0,0,2,1
775,1,8,60,0,0,14,0,6,6,99,2,2,0,1,1,0,0,1,1,1,1
776,1,8,46,1,0,13,2,7,6,3,0,1,0,1,1,1,1,1,0,2,1
777,1,6,69,0,0,17,1,5,6,6,0,1,0,1,0,0,0,0,1,1,1
778,1,8,57,0,0,15,1,7,6,5,2,3,0,0,1,0,0,0,0,0,1
779,1,1,64,0,0,16,0,6,6,2,2,1,1,1,0,1,0,1,0,0,1
780,1,1,54,1,0,16,2,6,6,6,0,1,0,1,0,1,0,0,1,0,0
781,1,1,59,0,0,18,3,6,6,5,2,1,0,1,0,1,0,0,0,0,1
782,1,9,64,0,0,16,0,6,6,5,0,0,1,1,0,1,0,0,0,2,1
783,1,1,0,0,0,13,1,6,6,5,0,2,1,1,0,1,0,0,0,2,1
784,1,6,54,0,0,16,0,6,6,2,1,1,0,1,0,0,0,1,0,0,1
785,1,9,46,0,0,15,2,6,6,5,0,1,1,1,0,1,0,0,0,2,1
786,1,8,32,2,0,16,0,6,6,2,1,3,0,1,0,0,0,1,0,2,1
787,1,1,47,1,0,13,0,6,6,2,2,2,1,1,0,1,0,1,0,0,1
788,1,8,51,0,0,16,0,6,6,3,2,2,1,1,0,0,0,1,0,0,1
789,1,1,49,0,0,13,2,6,6,3,0,1,0,1,0,1,0,1,0,0,1
790,1,8,31,0,0,14,0,5,6,5,1,1,1,1,0,0,0,0,0,0,1
791,1,8,53,2,0,20,0,6,6,3,2,1,0,1,0,0,0,1,0,0,1
792,1,8,53,0,0,16,3,6,6,4,2,2,0,1,0,0,0,1,0,0,1
793,1,1,58,0,0,15,3,6,6,99,0,1,1,1,0,1,0,1,1,0,1
794,1,8,49,1,0,16,0,6,6,1,1,2,1,1,0,0,0,0,0,2,1
795,1,8,0,2,0,16,0,6,6,2,1,2,1,1,0,1,0,1,0,2,1
796,1,1,43,0,0,17,2,6,6,2,0,1,1,0,0,1,0,1,0,0,1
797,1,8,49,2,0,13,2,5,6,1,2,4,0,0,0,1,0,0,0,1,1
798,1,1,0,0,0,16,2,6,6,2,0,1,0,0,0,1,0,1,0,0,1
799,1,8,44,0,0,18,2,6,6,0,0,1,0,1,0,0,0,0,0,1,1
800,1,8,51,2,0,11,0,6,6,5,1,1,0,0,0,1,0,0,0,2,1
801,1,8,51,2,0,16,0,6,6,3,0,1,0,0,0,0,0,1,0,1,0
802,1,1,40,0,0,12,2,6,6,6,1,1,0,0,0,1,0,0,1,2,1
803,1,8,46,2,0,14,0,6,6,4,1,1,0,1,0,1,0,1,0,0,0
804,1,7,40,1,0,14,2,6,6,5,2,3,0,0,1,1,1,0,0,1,1
805,1,8,54,0,0,19,0,6,6,2,1,1,0,0,0,0,0,1,0,2,1
806,1,9,36,0,0,16,1,6,6,6,2,2,1,1,0,1,0,0,1,0,1
807,1,8,74,2,0,14,0,7,6,2,1,1,0,1,0,0,0,1,0,2,1
808,1,8,42,1,0,11,1,6,6,4,1,1,0,1,1,1,1,1,0,2,1
809,1,8,66,2,0,16,0,6,6,2,0,1,0,0,0,1,0,1,0,2,1
810,1,8,40,2,0,12,0,6,6,1,1,1,0,1,1,0,0,0,0,0,1
811,1,8,41,2,0,12,1,2,6,0,2,1,0,0,0,1,0,0,0,0,0
812,1,9,22,2,0,13,1,1,6,4,2,8,0,0,1,1,1,1,0,1,1
813,1,4,0,2,0,12,0,7,6,4,2,2,0,0,1,0,0,1,0,1,1
814,1,8,22,2,0,11,3,3,6,0,0,1,0,0,1,1,1,0,0,1,0
815,1,9,22,2,0,14,0,7,6,2,1,1,0,0,1,0,0,1,0,1,1
816,1,8,59,1,0,18,1,6,6,3,1,2,1,1,0,0,0,1,0,2,1
817,1,4,47,0,0,16,0,6,6,4,1,4,0,0,0,0,0,1,0,2,1
818,1,8,69,2,0,17,0,6,6,5,2,2,0,1,0,1,0,0,0,0,1
819,1,8,46,2,0,17,0,6,6,1,0,1,0,1,0,1,0,0,0,0,1
820,1,8,51,1,0,14,2,6,7,6,2,2,1,1,0,0,0,0,1,0,1
821,1,8,66,0,0,18,0,6,6,4,1,2,1,1,0,1,0,1,0,2,1
822,1,4,50,1,0,14,0,6,6,5,1,1,1,1,0,1,0,0,1,0,1
823,1,8,59,2,0,16,0,6,6,1,2,1,0,1,0,0,0,0,0,0,1
824,1,8,51,0,0,16,1,6,6,2,1,1,0,1,0,1,0,1,0,2,1
825,1,4,30,0,0,12,0,5,6,5,2,3,0,1,0,0,0,0,1,0,1
826,1,8,30,2,0,14,0,6,6,1,2,3,0,1,0,0,0,0,0,0,1
827,1,8,66,0,0,15,2,6,6,4,0,1,1,1,0,1,0,1,0,0,1
828,1,4,51,0,0,16,0,6,6,5,2,2,0,1,0,0,0,0,1,0,1
829,1,6,46,0,0,13,0,6,6,1,0,2,1,1,0,1,0,0,0,2,1
830,1,8,49,0,0,16,0,6,6,2,1,2,1,0,0,1,0,1,0,2,1
831,1,9,39,2,0,12,4,3,6,1,0,1,0,1,0,1,0,0,0,1,1
832,1,6,74,1,0,13,3,6,6,1,2,4,1,0,0,1,0,0,0,0,1
833,1,1,22,1,0,12,3,6,6,6,0,1,0,0,0,1,0,0,1,1,1
834,1,8,51,2,0,11,1,6,6,6,0,1,0,1,0,0,0,0,1,1,1
835,1,1,51,0,0,11,0,6,6,0,2,0,0,1,0,1,0,0,0,0,1
836,1,8,43,2,0,12,0,3,6,4,2,3,0,0,0,1,0,1,0,1,1
837,1,8,28,2,0,14,0,6,6,0,0,3,0,1,0,0,0,0,0,2,0
838,1,8,47,0,0,12,0,5,6,1,0,1,1,0,0,1,0,0,0,0,1
839,1,9,46,1,0,12,2,6,6,3,1,1,0,1,0,1,0,1,0,0,1
840,1,4,62,2,0,16,0,3,6,0,1,2,0,1,0,0,0,0,0,2,1
841,1,8,52,0,0,16,3,6,6,5,0,1,0,1,0,1,0,0,0,2,1
842,1,1,0,0,0,12,0,7,6,0,1,1,1,0,0,1,0,0,0,0,1
843,1,8,48,0,0,13,1,7,6,1,1,1,0,1,0,1,0,0,0,0,1
844,1,4,39,0,0,8,0,4,6,5,2,4,0,1,0,0,0,0,1,0,1
845,1,8,33,2,0,13,0,3,6,1,0,5,0,1,0,0,0,0,0,2,1
846,1,8,44,2,0,15,0,4,6,6,0,2,1,0,0,1,0,0,1,2,1
847,1,8,29,2,0,12,0,5,6,1,2,3,1,0,0,0,0,0,0,0,1
848,1,8,47,1,0,12,2,6,6,6,1,1,0,1,0,0,0,0,1,0,1
849,1,4,0,2,0,13,0,7,6,99,0,1,0,1,0,1,0,1,1,0,1
850,1,8,22,2,0,10,0,3,6,6,0,5,0,1,1,0,0,0,1,2,0
851,1,9,28,2,0,13,0,2,6,5,2,4,0,1,0,0,0,0,0,1,1
852,1,4,30,2,0,14,0,1,6,0,0,1,0,1,0,0,0,0,0,0,0
853,1,3,36,1,0,8,1,7,6,1,0,6,0,1,0,0,0,0,0,2,1
854,1,4,31,2,0,14,0,1,6,3,0,8,0,0,0,0,0,1,0,2,1
855,1,3,0,2,0,12,0,1,6,6,0,1,0,1,0,0,0,0,1,0,1
856,1,5,22,2,0,12,4,3,7,6,2,3,0,0,1,1,1,0,1,1,1
857,1,8,36,2,0,12,2,4,7,1,0,1,0,0,1,1,1,0,0,0,1
858,1,1,29,0,0,13,3,5,7,6,2,4,0,0,1,1,1,0,1,1,1
859,1,1,24,2,0,11,1,2,7,5,0,3,0,0,1,1,1,0,1,2,0
860,1,4,30,2,0,8,0,2,7,6,2,5,0,0,1,0,0,0,1,0,1
861,1,8,32,2,0,13,0,6,7,6,0,1,0,1,1,1,1,0,1,0,1
862,1,9,68,0,0,14,1,5,0,5,0,1,0,0,1,1,1,0,0,0,0
863,1,8,52,0,0,14,2,6,0,5,0,2,0,1,0,1,0,0,0,2,1
864,1,8,53,0,0,13,1,3,0,5,1,3,1,1,0,0,0,0,1,2,1
865,1,1,29,0,0,12,1,5,0,1,2,2,0,0,0,1,0,0,0,0,1
866,1,8,32,0,0,14,1,5,0,1,1,1,0,1,0,0,0,0,0,0,0
867,1,1,20,0,0,12,2,6,0,1,2,3,0,1,0,1,0,0,0,0,1
868,1,8,42,2,0,13,1,4,0,3,0,1,0,0,1,1,1,1,0,0,0
869,1,8,49,2,0,12,2,5,0,1,0,1,0,0,0,0,0,0,0,0,1
870,1,1,29,0,0,13,0,4,0,0,1,6,0,0,0,1,0,0,0,2,1
871,1,1,42,0,0,13,2,3,0,5,0,1,0,1,0,1,0,0,0,2,1
872,1,4,33,0,0,12,0,2,7,5,2,4,0,0,1,1,1,0,0,0,1
873,1,8,35,1,0,11,0,6,7,1,2,1,0,0,1,0,0,0,0,0,1
874,1,8,43,0,0,13,3,6,7,5,0,1,1,0,1,0,0,0,0,0,1
875,1,8,36,0,0,12,3,3,7,5,2,2,0,1,1,1,1,0,0,1,1
876,1,8,52,2,0,14,0,6,7,5,0,4,1,0,1,1,1,0,0,2,1
877,1,8,42,2,0,14,1,3,7,2,0,5,0,1,1,1,1,1,0,2,0
878,1,1,37,2,0,12,3,3,7,5,0,4,0,0,1,1,1,0,0,2,0
879,1,8,60,2,0,14,2,2,7,4,2,4,0,1,1,1,1,1,0,1,1
880,1,8,33,2,0,9,0,6,7,5,1,1,0,0,1,0,0,0,1,0,1
881,1,3,46,2,0,12,3,4,7,5,0,1,0,0,1,1,1,0,0,1,0
882,1,8,49,0,0,16,1,6,7,1,2,4,1,1,0,1,0,0,0,0,1
883,1,8,53,0,0,17,4,6,7,4,1,1,0,1,0,0,0,1,0,0,1
884,1,8,48,0,0,15,0,6,7,1,1,1,0,1,0,0,0,0,0,0,1
885,1,8,29,2,0,12,0,3,7,3,2,2,0,1,0,1,0,1,0,1,1
886,1,8,49,2,0,16,1,6,7,0,2,2,1,1,0,1,0,0,0,0,1
887,1,8,47,0,0,16,0,6,7,3,0,1,0,1,0,0,0,1,0,0,1
888,1,8,49,2,0,16,0,6,7,5,2,3,0,1,0,0,0,0,0,1,1
889,1,1,49,2,0,12,1,5,7,4,0,2,0,0,0,1,0,1,0,2,1
890,1,8,64,2,0,19,0,6,7,3,2,2,0,1,0,1,0,1,0,1,0
891,1,8,42,2,0,12,1,4,7,2,0,3,0,0,0,1,0,1,0,2,1
892,1,8,64,0,0,18,0,6,7,5,1,1,0,1,0,1,0,0,0,1,1
893,1,8,36,0,0,14,0,6,7,0,1,1,0,1,0,0,0,0,0,1,1
894,1,8,43,1,1,14,0,6,7,3,2,2,1,1,0,1,0,1,0,0,1
895,1,8,42,2,0,16,0,6,7,1,0,1,0,1,0,0,0,0,0,2,1
896,1,8,31,1,0,12,0,6,7,1,0,1,0,1,0,1,0,0,0,1,1
897,1,8,41,2,0,19,0,5,7,1,2,4,0,1,0,1,0,0,0,1,1
898,1,4,46,0,0,12,0,5,7,0,0,1,0,1,0,1,0,0,0,0,0
899,1,8,51,2,0,16,0,6,7,3,0,1,0,1,0,1,0,1,0,2,1
900,1,8,42,2,0,12,0,6,7,5,1,3,0,1,0,1,0,0,0,2,1
901,1,8,33,2,0,18,0,6,7,1,2,1,1,0,0,1,0,0,0,0,1
902,1,8,51,2,0,12,0,6,7,4,1,1,0,1,0,0,0,1,0,1,1
903,1,8,65,2,0,18,0,6,7,5,0,0,1,1,0,0,0,0,0,2,1
904,1,8,38,2,0,12,1,5,7,2,2,1,0,0,0,1,0,1,0,1,1
905,1,1,0,0,0,8,0,7,7,0,2,7,0,0,0,1,0,0,0,0,0
906,1,8,42,2,0,14,0,5,7,5,0,1,0,1,0,1,0,0,0,2,1
907,1,8,69,2,0,19,0,3,7,1,0,1,0,1,0,1,0,0,0,0,0
908,1,9,34,2,0,15,0,1,7,1,0,1,0,1,0,1,0,0,0,2,1
909,1,8,34,2,0,15,0,6,7,2,2,1,0,1,0,1,0,1,0,0,1
910,1,5,64,2,0,20,0,3,7,4,2,3,0,0,0,0,0,1,0,1,1
911,1,9,42,2,0,15,0,2,7,1,0,4,0,1,0,1,0,0,0,2,1
912,1,8,46,2,0,16,0,3,7,4,0,1,1,1,0,1,0,1,0,2,1
913,1,8,55,0,0,14,1,6,7,5,0,1,0,1,0,1,0,0,0,0,1
914,1,6,51,2,0,13,0,6,7,1,2,2,0,1,0,0,0,0,0,1,0
915,1,8,61,0,0,18,0,6,7,0,0,1,1,1,0,0,0,0,0,2,1
916,1,4,44,2,0,12,0,2,7,0,1,1,0,1,0,1,0,0,0,1,1
917,1,8,61,2,0,18,0,6,7,5,2,1,0,1,0,0,0,0,0,1,1
918,1,8,35,2,1,12,1,6,7,0,0,2,0,1,0,0,0,0,0,2,1
919,1,7,36,2,0,12,0,1,7,0,0,2,0,1,0,0,0,0,0,2,1
920,1,8,29,1,0,18,0,6,7,2,2,4,0,1,0,0,0,1,0,1,1
921,1,8,53,0,0,14,1,6,7,1,2,1,0,0,0,0,0,0,0,0,1
922,1,8,27,0,0,16,1,6,7,6,1,1,0,0,0,0,0,0,1,0,1
923,1,8,52,2,0,14,1,6,7,4,2,1,0,1,0,1,0,1,0,0,1
924,1,8,39,0,0,17,1,6,7,2,1,1,0,1,0,1,0,1,0,0,1
925,1,8,28,1,0,16,2,6,7,0,0,1,0,1,0,1,0,0,0,1,1
926,1,8,29,0,0,12,1,5,7,5,1,4,0,1,0,0,0,0,0,2,1
927,1,1,42,1,1,12,0,6,3,1,0,3,1,1,0,1,0,0,0,2,1
928,1,8,22,2,0,12,0,5,3,2,1,1,1,1,0,0,0,1,0,1,1
929,1,9,28,2,0,12,2,3,3,1,0,1,0,0,0,1,0,0,0,1,1
930,1,1,30,0,1,9,0,6,3,1,0,1,0,0,0,1,0,0,0,0,0
931,1,9,43,0,0,15,2,6,3,6,0,1,1,1,0,1,0,0,1,1,1
932,1,8,61,0,0,15,2,6,3,99,2,3,1,0,0,0,0,1,1,0,1
933,1,8,38,0,0,12,1,5,3,1,2,2,0,1,0,0,0,0,0,0,1
934,1,8,66,2,0,13,5,1,3,5,0,5,0,1,0,1,0,0,0,2,1
935,1,3,39,0,0,16,2,6,3,5,0,2,1,1,0,0,0,0,1,2,1
936,1,1,31,0,0,16,3,6,3,5,0,2,1,1,0,1,0,0,0,2,1
937,1,8,51,0,0,14,0,7,3,5,2,1,0,1,0,1,0,0,0,0,1
938,1,1,51,1,0,12,1,6,3,2,1,2,0,1,0,1,0,1,0,2,1
939,1,9,52,0,0,16,0,6,3,0,2,2,1,1,0,1,0,0,0,0,1
940,1,8,51,0,0,16,2,6,3,2,0,1,1,1,0,1,0,1,0,2,1
941,1,8,57,0,0,13,1,6,3,0,0,1,0,1,0,0,0,0,0,0,1
942,1,4,44,0,0,12,0,3,3,99,0,1,0,1,0,0,0,1,1,0,1
943,1,8,19,0,0,14,3,6,3,1,2,1,0,1,0,0,0,0,0,1,0
944,1,5,35,2,0,15,0,4,3,2,0,4,0,1,0,0,0,1,0,2,0
945,1,5,36,2,0,20,0,2,3,5,2,3,0,1,0,0,0,0,1,1,0
946,1,9,33,2,0,16,0,4,3,0,0,2,0,1,0,1,0,0,0,2,0
947,1,5,29,2,0,15,0,1,3,2,2,2,0,1,0,1,0,1,0,0,1
948,1,9,29,2,0,15,0,3,3,2,0,2,0,1,0,0,0,1,0,2,1
949,1,5,28,2,0,15,0,1,3,2,0,1,0,0,0,1,0,1,0,1,1
950,1,5,0,2,0,15,0,3,3,1,0,3,0,0,0,0,0,0,0,2,0
951,1,5,21,2,0,16,0,4,3,2,0,1,0,0,0,0,0,1,0,1,1
952,1,5,0,2,0,16,0,1,3,2,2,1,0,1,0,0,0,1,0,1,1
953,1,8,45,2,0,12,0,6,3,1,0,1,0,1,0,1,0,0,0,0,1
954,1,9,30,2,0,9,0,4,3,1,2,3,0,1,0,1,0,0,0,1,1
955,1,1,51,0,0,14,0,6,5,0,2,2,0,1,0,1,0,0,0,0,1
956,1,5,0,2,0,12,0,7,5,0,1,4,0,1,0,0,0,0,0,2,1
957,1,8,66,0,0,15,1,6,5,4,0,2,0,1,0,1,0,1,0,2,1
958,1,8,51,0,0,17,0,6,5,5,0,1,1,1,0,1,0,0,0,2,1
959,1,8,32,2,0,15,0,3,5,2,2,2,1,1,0,1,0,1,0,0,1
960,1,1,47,0,0,12,0,4,5,5,0,3,0,0,0,1,0,0,0,2,1
961,1,8,61,0,0,14,2,6,5,4,2,1,0,0,0,0,0,1,0,0,1
962,1,8,42,2,0,14,1,6,5,5,0,1,0,1,0,1,0,0,0,2,1
963,1,1,46,2,0,12,3,4,5,2,2,3,0,1,0,1,0,1,0,1,1
964,1,8,42,2,0,16,2,5,5,5,0,1,0,1,0,1,0,0,0,0,0
965,1,9,41,2,0,5,0,3,5,4,0,2,0,1,0,0,0,1,0,2,1
966,1,8,32,2,0,12,0,3,5,1,2,4,0,1,0,1,0,0,0,0,0
967,1,4,23,0,0,12,0,2,5,6,0,1,0,1,0,1,0,0,1,1,1
968,1,1,27,0,0,10,2,3,5,0,2,4,0,1,0,1,0,0,0,1,1
969,1,1,28,2,1,12,2,1,5,0,1,0,0,1,0,1,0,0,0,2,1
970,1,8,51,2,0,12,0,6,5,0,1,1,0,0,0,0,0,0,0,1,1
971,1,3,59,2,0,16,0,6,5,3,2,1,1,1,0,1,0,1,0,0,1
972,1,4,47,1,0,12,0,7,5,0,2,8,0,1,0,1,0,0,0,0,1
973,1,7,59,2,0,16,0,2,5,2,0,1,0,1,0,0,0,1,0,1,0
974,1,5,0,2,0,15,0,1,5,1,1,1,1,0,0,1,0,0,0,1,1
975,1,8,42,2,0,12,0,5,5,0,2,1,0,0,0,0,0,0,0,0,1
976,1,8,58,2,0,14,0,6,5,0,2,2,1,0,0,1,0,0,0,1,1
977,1,1,47,1,0,18,1,6,5,1,2,1,0,0,0,1,0,0,0,0,1
978,1,8,65,0,0,15,2,6,5,3,0,1,0,1,0,0,0,1,0,0,1
979,1,8,31,2,0,15,1,5,5,1,0,1,0,1,0,1,0,0,0,1,1
980,1,8,46,2,0,12,0,4,5,2,2,3,0,0,0,1,0,1,0,0,0
981,1,8,31,2,0,15,1,7,5,0,1,2,0,1,0,0,0,0,0,2,1
982,1,1,36,1,0,12,0,6,5,4,0,3,0,1,0,1,0,1,0,2,1
983,1,8,48,2,0,16,0,6,6,2,0,1,0,1,0,1,0,1,0,1,1
984,1,8,51,1,0,16,1,6,6,2,2,2,1,1,0,0,0,1,0,0,1
985,1,8,61,2,0,13,0,7,6,6,0,1,1,1,1,0,0,0,1,1,1
986,1,8,52,0,0,14,2,7,6,4,2,1,1,1,1,1,1,1,0,0,1
987,1,8,52,2,0,13,2,7,6,0,0,2,0,0,1,1,1,0,0,2,0
988,1,8,36,2,0,15,0,7,6,6,1,2,0,0,1,0,0,0,1,2,1
989,1,3,36,2,0,12,2,2,6,1,2,2,0,1,1,0,0,0,0,0,0
990,1,8,22,2,0,17,0,4,6,1,0,1,0,0,1,1,1,0,0,0,0
991,1,8,31,0,0,10,0,6,6,3,0,4,0,1,1,0,0,1,0,2,0
992,1,5,0,2,0,11,2,5,6,2,0,6,0,0,1,0,0,1,0,2,0
993,1,4,22,0,0,12,0,6,6,4,0,1,1,0,1,0,0,1,0,0,1
994,1,5,51,2,0,14,1,7,6,3,0,1,0,1,1,1,1,1,0,0,0
995,1,4,49,0,0,8,0,7,6,4,2,4,0,1,0,0,0,1,0,0,1
996,1,7,22,0,0,7,0,3,6,0,2,14,0,1,0,0,0,0,0,1,1
997,1,8,56,0,0,14,2,6,6,2,2,2,0,0,0,1,0,1,0,0,1
998,1,9,32,0,0,12,2,4,6,4,0,1,0,1,0,1,0,1,0,0,1
999,1,8,30,2,0,13,0,5,6,1,0,2,0,0,0,0,0,0,0,2,1
1000,1,4,28,0,0,5,0,3,6,0,2,4,0,1,0,1,0,0,0,0,1
1001,1,9,29,0,0,12,0,6,6,5,0,3,1,1,0,1,0,0,1,2,1
1002,1,8,44,0,0,16,1,6,6,1,0,1,1,1,0,0,0,0,0,0,1
1003,1,8,51,0,0,16,1,6,6,6,2,1,1,1,0,0,0,0,1,0,1
1004,1,8,32,0,0,12,0,6,6,3,2,2,1,1,0,1,0,1,0,1,1
1005,1,8,35,2,0,14,0,6,6,2,2,1,1,1,0,0,0,1,0,0,1
1006,1,1,40,0,0,13,4,6,6,5,1,1,0,1,0,1,0,0,0,0,1
1007,1,8,30,0,0,12,0,7,6,6,2,1,0,1,0,0,0,0,1,0,1
1008,1,1,51,1,0,12,0,6,6,3,1,1,0,1,0,1,0,1,0,0,1
1009,1,8,44,0,0,11,4,6,6,0,2,2,0,1,0,0,0,0,0,0,1
1010,1,8,0,1,0,17,0,7,6,2,1,3,0,1,0,0,0,1,0,2,1
1011,1,4,24,0,0,11,0,4,2,5,0,3,1,1,0,0,0,0,0,2,1
1012,1,1,0,0,0,12,0,4,2,0,0,7,0,1,0,1,0,0,0,2,0
1013,1,1,64,2,0,16,0,1,2,5,2,5,0,1,0,1,0,0,0,0,1
1014,1,1,0,2,0,10,4,3,2,1,0,3,0,1,0,1,0,0,0,2,1
1015,1,8,53,2,0,16,0,6,2,0,0,1,0,0,0,1,0,0,0,0,1
1016,1,4,36,0,0,8,0,7,2,5,0,1,0,1,0,0,0,0,0,0,1
1017,1,7,27,2,0,12,0,7,2,5,2,4,0,1,0,1,0,0,1,1,1
1018,1,8,32,1,0,12,0,4,2,3,0,1,0,1,0,1,0,1,0,0,1
1019,1,8,31,2,0,14,1,6,2,5,0,0,1,1,0,1,0,0,0,2,1
1020,1,8,68,2,0,17,0,6,2,1,2,2,0,1,0,0,0,0,0,0,1
1021,1,4,42,0,0,12,0,3,2,6,0,7,0,1,0,1,0,0,1,2,0
1022,1,8,49,2,0,13,0,6,2,1,0,1,1,1,0,0,0,0,0,0,1
1023,1,4,51,0,0,14,0,6,2,5,2,4,0,0,0,0,0,0,0,0,1
1024,1,4,50,0,0,12,0,3,2,5,2,3,1,1,0,1,0,0,0,0,1
1025,1,4,30,0,0,12,0,3,2,5,0,1,0,1,0,0,0,0,0,0,1
1026,1,8,31,0,0,12,3,6,2,1,1,1,0,1,0,1,0,0,0,2,1
1027,1,4,0,0,0,8,0,2,2,3,2,6,0,1,0,1,0,1,0,0,0
1028,1,8,48,0,0,16,0,6,2,2,0,1,0,0,0,1,0,1,0,1,1
1029,1,1,0,0,0,8,0,2,2,6,0,1,0,0,0,1,0,0,1,0,1
1030,1,4,43,0,0,12,0,6,2,5,0,1,1,0,0,0,0,0,0,0,1
1031,1,4,27,0,0,12,0,7,2,5,2,12,0,0,0,0,0,0,0,0,0
1032,1,8,64,0,0,18,2,6,2,5,0,1,0,1,0,0,0,0,0,0,1
1033,1,8,44,2,0,12,0,7,2,2,2,1,0,1,0,0,0,1,0,0,1
1034,1,9,31,0,0,12,0,3,2,5,2,9,0,1,0,1,0,0,0,0,1
1035,1,6,33,0,0,12,1,7,2,4,2,4,0,1,0,1,0,1,0,0,1
1036,1,8,43,0,0,14,1,6,2,2,1,1,0,1,0,0,0,1,0,1,1
1037,1,9,29,2,0,13,0,6,2,5,1,2,0,0,0,0,0,0,0,2,1
1038,1,1,28,0,0,11,0,6,2,5,1,1,1,1,0,1,0,0,0,0,1
1039,1,4,47,2,1,14,0,3,2,6,2,2,0,1,0,0,0,0,1,0,1
1040,1,1,46,0,0,12,0,3,2,4,2,6,1,1,0,1,0,1,0,0,1
1041,1,8,51,0,0,12,0,6,2,4,1,1,0,1,0,0,0,1,0,0,1
1042,1,8,48,0,0,16,1,6,2,5,2,2,1,1,0,0,0,0,0,1,1
1043,1,8,51,0,0,20,0,6,5,4,2,2,1,1,0,0,0,1,0,0,1
1044,1,4,34,1,0,12,0,6,5,0,1,1,1,0,0,0,0,0,0,0,1
1045,1,8,45,2,0,16,1,5,5,4,0,1,1,1,0,1,0,1,0,1,1
1046,1,4,30,1,0,12,0,4,5,3,1,4,0,1,0,0,0,1,0,2,1
1047,1,8,47,2,0,16,0,6,5,5,0,0,1,1,0,0,0,0,0,2,1
1048,1,8,60,0,0,20,0,7,5,6,0,2,1,1,0,0,0,0,1,2,1
1049,1,8,64,0,0,16,2,6,5,2,1,1,1,1,0,0,0,1,0,0,1
1050,1,8,49,0,0,15,3,6,5,5,1,1,1,1,0,0,0,0,0,0,1
1051,1,8,36,0,0,12,2,6,5,0,2,3,1,1,0,0,0,0,0,0,1
1052,1,8,21,2,0,13,0,3,5,5,0,1,0,0,0,0,0,0,0,0,1
1053,1,6,64,2,0,19,0,6,5,0,0,1,1,0,0,0,0,0,0,2,1
1054,1,8,28,2,0,16,0,3,5,0,2,0,0,1,0,1,0,0,0,1,1
1055,1,9,29,2,0,17,0,3,5,0,2,1,0,0,0,1,0,0,0,0,1
1056,1,8,44,2,0,12,0,4,5,0,0,5,0,1,0,0,0,0,0,2,1
1057,1,8,43,2,0,17,0,4,5,4,0,1,1,0,0,1,0,1,0,2,1
1058,1,5,0,2,0,15,0,6,5,1,0,1,0,1,0,0,0,0,0,0,0
1059,1,8,34,2,0,16,0,6,5,2,0,2,0,1,0,0,0,1,0,2,1
1060,1,8,28,2,0,17,0,5,5,1,0,1,0,1,0,1,0,0,0,0,1
1061,1,1,52,2,0,15,0,6,5,5,0,1,0,1,0,1,0,0,0,2,0
1062,1,8,59,0,0,16,2,6,5,0,2,2,1,1,0,0,0,0,0,0,1
1063,1,8,64,0,0,16,0,6,5,5,1,2,0,1,0,1,0,0,0,2,1
1064,1,8,65,0,0,16,0,6,5,5,2,2,0,0,0,0,0,0,0,1,1
1065,1,9,51,0,0,12,0,7,5,5,1,1,1,1,0,1,0,0,0,2,1
1066,1,8,51,0,0,16,3,6,5,4,1,1,1,0,0,0,0,1,0,0,1
1067,1,8,40,2,0,12,0,6,5,1,1,1,1,0,0,1,0,0,0,2,1
1068,1,8,60,2,0,12,0,6,5,0,2,1,0,0,0,0,0,0,0,0,0
1069,1,8,51,1,0,14,0,6,5,5,1,2,1,0,0,0,0,0,0,2,1
1070,1,9,51,0,0,15,0,6,5,5,1,1,0,1,0,1,0,0,0,0,1
1071,1,8,51,2,0,14,2,6,5,5,2,2,1,1,0,1,0,0,0,0,1
1072,1,8,65,0,0,16,1,6,5,2,0,1,0,1,0,0,0,1,0,1,1
1073,1,8,42,0,0,14,1,6,5,4,1,1,1,1,0,0,0,1,0,2,1
1074,1,6,63,0,0,19,0,6,5,1,1,1,1,1,0,0,0,0,0,0,1
1075,1,8,60,0,0,14,0,6,5,0,2,5,1,0,0,0,0,0,0,1,1
1076,1,7,60,1,0,14,3,6,4,0,1,8,0,1,0,1,0,0,0,2,0
1077,1,1,36,1,0,10,0,6,4,1,1,1,1,1,0,1,0,0,0,0,1
1078,1,8,49,2,0,13,0,6,4,3,2,2,0,1,0,0,0,1,0,0,1
1079,1,8,47,2,0,12,0,7,4,1,0,1,0,1,0,1,0,0,0,0,1
1080,1,1,40,0,0,12,0,3,4,0,1,4,0,1,0,1,0,0,0,2,1
1081,1,1,0,0,0,7,0,7,4,3,2,4,0,1,0,1,0,1,0,0,0
1082,1,8,33,0,0,19,0,6,4,1,2,0,0,1,0,1,0,0,0,0,1
1083,1,9,40,2,0,12,1,6,4,2,1,1,0,1,0,0,0,1,0,1,1
1084,1,8,74,0,0,18,1,6,4,5,1,1,1,1,0,0,0,0,0,0,1
1085,1,1,31,0,0,12,3,6,4,4,1,1,0,1,0,1,0,1,0,1,1
1086,1,8,57,2,0,12,1,4,4,1,2,2,0,1,0,1,0,0,0,0,1